User ID,Name,Email,Subscription Start Date,Subscription Type,Country,Payment Method
1,Jim Davis,timothyhaas@example.org,1974-07-22,Premium,Gambia,Bank Transfer
2,Darlene Miller,matthew91@example.org,1979-07-24,Standard,Falkland Islands (Malvinas),Bank Transfer
3,Dr. Laurie Smith,sabrina44@example.net,2009-02-21,Standard,Iran,PayPal
4,Jade Carter,abanks@example.com,2019-07-06,Standard,Zimbabwe,PayPal
5,Christopher Rodriguez,cperry@example.org,2015-10-17,Standard,Dominican Republic,PayPal
6,,garrettpaul@example.org,1976-10-19,Standard,Barbados,PayPal
7,Brenda Knight,sreyes@example.net,1995-12-15,Standard,Antarctica (the territory South of 60 deg S),Bank Transfer
8,Mark Arnold,faulknerbecky@example.net,1982-12-12,Premium,Pitcairn Islands,PayPal
9,Joanna Cortez,invalid_email,1994-10-28,Basic,Marshall Islands,Bank Transfer
10,Kaitlin Burns,invalid_email,2007-03-14,Standard,Mauritius,Credit Card
11,Susan Lucero,llam@example.net,1985-05-29,Standard,Saint Lucia,PayPal
12,Jacqueline Garcia,kimberlyneal@example.com,2005-03-13,Standard,Fiji,Bank Transfer
13,Michelle Turner,bpatterson@example.net,1988-03-28,Standard,Azerbaijan,Credit Card
14,Andrew Herrera,colleenedwards@example.org,2012-01-29,Standard,Netherlands Antilles,PayPal
15,Christopher Schroeder,alyssa46@example.com,1978-11-27,Standard,Turkey,PayPal
16,Kelly Marshall,brittanycobb@example.com,2021-07-30,Basic,Tunisia,Bank Transfer
17,Mary Shaw,alexander60@example.com,1997-05-04,Basic,Sweden,Bank Transfer
18,,kelly06@example.net,2000-02-10,Premium,Heard Island and McDonald Islands,Credit Card
19,Rebecca Silva,greenashley@example.net,2019-07-09,Standard,Georgia,Credit Card
20,Luis Knight,michael91@example.com,2024-10-11,Basic,Faroe Islands,Bank Transfer
21,James Aguilar,cynthiasantiago@example.org,1998-05-26,Basic,Northern Mariana Islands,Credit Card
22,Kenneth Bailey,connie22@example.com,1987-08-19,Premium,Chad,Credit Card
23,Alex Taylor,nstewart@example.com,1994-01-03,Standard,India,Credit Card
24,Nichole Odom,markmckenzie@example.org,2000-03-31,Basic,Cocos (Keeling) Islands,PayPal
25,David Castro,hughesmichele@example.org,1993-08-24,Standard,Bhutan,Bank Transfer
26,,rogersnicole@example.com,2019-11-08,Standard,Malawi,Bank Transfer
27,Luis Leonard,terri65@example.org,1993-09-16,Premium,Holy See (Vatican City State),Credit Card
28,Jonathan King,dstrong@example.net,2020-03-07,Basic,Bermuda,PayPal
29,Kevin Wolfe,ortizchristopher@example.net,1983-03-29,Standard,Djibouti,PayPal
30,Jonathan Freeman,thompsondaniel@example.org,1984-12-24,Basic,French Southern Territories,PayPal
31,Diana Soto,joshua50@example.org,1995-01-26,Basic,Guinea-Bissau,Credit Card
32,Jared Howard,amyruiz@example.com,1986-02-06,Premium,North Macedonia,Credit Card
33,Monica Winters,donald79@example.net,1984-09-02,Basic,Marshall Islands,PayPal
34,Allison Adkins,kbell@example.net,2019-02-03,Basic,Gibraltar,PayPal
35,Hannah Murphy,davidrenee@example.org,1978-03-14,Premium,Burkina Faso,PayPal
36,,sotojames@example.org,1990-08-30,Premium,Brunei Darussalam,PayPal
37,Gary Bowman,jerome47@example.com,1972-03-24,Basic,Holy See (Vatican City State),PayPal
38,Meghan Santiago,christopher93@example.org,2016-06-02,Basic,Eritrea,PayPal
39,John Miller,josephmolina@example.org,1977-09-10,Standard,Uzbekistan,Credit Card
40,Nicholas Bond,colleen45@example.org,2003-02-16,Basic,Sri Lanka,PayPal
41,Lacey Lopez,louis55@example.org,1983-05-20,Premium,Svalbard & Jan Mayen Islands,Bank Transfer
42,Clinton Serrano,jacksonamy@example.net,1988-05-20,Standard,France,Bank Transfer
43,Kathy Mccarthy,theresaweaver@example.org,1994-09-26,Standard,China,Credit Card
44,Cindy Perkins,zburnett@example.org,2016-01-05,Standard,Grenada,PayPal
45,Sharon Ritter,invalid_email,1999-12-27,Standard,Botswana,PayPal
46,Miss Catherine Stevens MD,mlawrence@example.net,1996-02-24,Premium,Central African Republic,Bank Transfer
47,Angela Owens,zthomas@example.org,1973-06-23,Standard,Honduras,PayPal
48,Stephanie Rodriguez,williamdavis@example.org,1999-01-18,Premium,Isle of Man,Credit Card
49,Ashley Jarvis,stevenryan@example.org,1971-07-01,Basic,Jordan,Bank Transfer
50,Scott Cooper,zgomez@example.net,1988-07-20,Premium,Brazil,PayPal
51,Joshua Montgomery,watsonthomas@example.org,1978-02-17,Standard,Wallis and Futuna,Credit Card
52,Bradley Mitchell,ericcastillo@example.com,1979-04-10,Standard,Czech Republic,PayPal
53,,youngjennifer@example.com,1997-03-02,Basic,Bouvet Island (Bouvetoya),PayPal
54,Robin Harrington,sarah23@example.com,2004-10-19,Premium,Reunion,Bank Transfer
55,Cheryl Molina,ronald67@example.com,2018-03-27,Basic,Cambodia,PayPal
56,,heather38@example.net,1979-06-20,Premium,Mayotte,Credit Card
57,,xbutler@example.org,2006-10-07,Basic,Hungary,Bank Transfer
58,Amanda Miller,bsantiago@example.org,1997-03-08,Basic,Malaysia,Credit Card
59,Candice Palmer,brittney61@example.net,2012-05-05,Standard,India,PayPal
60,Lauren Ferguson,richardsondaniel@example.net,2001-03-08,Premium,Anguilla,Bank Transfer
61,Bruce Stephens,zhall@example.net,2004-12-31,Premium,Haiti,Credit Card
62,Abigail Campbell,wolfecathy@example.com,2022-06-16,Basic,Argentina,Bank Transfer
63,Nicole Little,davidrivera@example.net,2002-01-03,Basic,Christmas Island,Bank Transfer
64,Rhonda Rocha,invalid_email,1972-03-06,Standard,Cook Islands,Credit Card
65,Cody Eaton,mhaynes@example.org,1982-12-20,Standard,Tonga,PayPal
66,,hpark@example.org,1973-01-31,Premium,Italy,Credit Card
67,Maurice Lee,levipeterson@example.net,1996-09-29,Premium,Angola,PayPal
68,Brenda Gross,katrina96@example.net,1993-09-26,Basic,Guinea,Credit Card
69,Diane Green,stephensjoshua@example.org,2017-06-07,Basic,Jamaica,Bank Transfer
70,Megan Campbell,jessewilson@example.org,1994-06-24,Premium,Bosnia and Herzegovina,Credit Card
71,Jeremy Hall,christopherwilliamson@example.net,1982-02-13,Standard,Ukraine,Credit Card
72,Greg Hall,amanda91@example.net,1978-06-08,Basic,Wallis and Futuna,Credit Card
73,Sara Lee,troy32@example.org,2015-10-31,Standard,Heard Island and McDonald Islands,Credit Card
74,Sharon Hughes,aliciamcdonald@example.org,2017-11-03,Standard,Korea,Bank Transfer
75,Amber Ball,ireeves@example.net,1997-01-03,Premium,San Marino,Credit Card
76,Colleen Pratt,michellewarren@example.org,1978-06-23,Premium,France,PayPal
77,,ryansmith@example.org,1998-03-25,Basic,Cambodia,Credit Card
78,Tina Brown,shirleygonzalez@example.org,1981-07-28,Premium,Somalia,PayPal
79,Christine Campbell,invalid_email,2002-08-19,Basic,Yemen,Bank Transfer
80,George Francis,wandaramos@example.com,1974-03-09,Basic,Trinidad and Tobago,Credit Card
81,Shirley Miller,courtneywillis@example.org,2024-03-02,Standard,Norfolk Island,Credit Card
82,Martin Kline,invalid_email,2017-03-31,Premium,Svalbard & Jan Mayen Islands,PayPal
83,Tracey Schmidt,carlajackson@example.com,1996-12-18,Standard,Kuwait,Bank Transfer
84,David Bell,invalid_email,2012-10-05,Standard,El Salvador,Bank Transfer
85,Caleb Jensen,ehernandez@example.org,2015-05-26,Standard,Denmark,Bank Transfer
86,Joseph Eaton,ltaylor@example.net,1977-07-07,Premium,Mauritania,PayPal
87,Jennifer Charles,graveskathy@example.org,1989-06-28,Premium,South Georgia and the South Sandwich Islands,PayPal
88,Amanda Griffin,ehill@example.org,1989-07-07,Basic,Bouvet Island (Bouvetoya),Bank Transfer
89,Joseph Valdez,sullivanamy@example.com,1980-04-29,Basic,Suriname,Credit Card
90,John Nguyen,cmiller@example.org,1989-03-21,Premium,Barbados,PayPal
91,Jacqueline Parker,rstevens@example.net,1983-08-19,Basic,Lao People's Democratic Republic,PayPal
92,Denise Duncan,irobinson@example.net,1980-06-03,Basic,Suriname,Credit Card
93,,yhoffman@example.org,2000-12-15,Basic,Niue,Credit Card
94,Matthew Smith,zbrown@example.org,2008-06-03,Standard,Montenegro,Bank Transfer
95,Dylan Gray DDS,stephen71@example.net,1971-07-05,Basic,Equatorial Guinea,Bank Transfer
96,Laura King,invalid_email,2023-08-20,Basic,Bouvet Island (Bouvetoya),PayPal
97,Brian Cobb,billyerickson@example.net,1987-02-19,Basic,Djibouti,Bank Transfer
98,Michael Young,dnguyen@example.com,2012-08-23,Premium,Solomon Islands,Credit Card
99,Diana Donovan,philip27@example.org,1971-01-11,Premium,Sao Tome and Principe,Credit Card
100,William Huang,destiny48@example.net,2013-09-13,Premium,Bermuda,Credit Card
101,Kimberly Dillon,jonathanconley@example.com,2016-06-24,Standard,Kazakhstan,Credit Card
102,Taylor Riley,smithmanuel@example.org,1985-09-13,Basic,Portugal,PayPal
103,Jonathan Smith,mfrazier@example.org,1980-11-20,Standard,Andorra,Credit Card
104,Melissa Marshall,santiagodouglas@example.com,1975-02-02,Basic,Isle of Man,Bank Transfer
105,Mark Hall,jenniferwhitehead@example.org,1979-11-30,Basic,Anguilla,PayPal
106,Michael Ferguson,bfoster@example.org,2001-01-09,Standard,Monaco,PayPal
107,Michael Gomez,schultzalyssa@example.org,1980-07-26,Basic,Bahamas,PayPal
108,James Hobbs,gary92@example.com,1974-11-02,Standard,Antigua and Barbuda,PayPal
109,Allen Ramsey MD,gmiller@example.com,1974-11-17,Premium,Monaco,Bank Transfer
110,Preston Williams,mcopeland@example.net,1990-11-01,Standard,Namibia,PayPal
111,Joy Clark,brianwilliams@example.org,1993-09-09,Basic,Central African Republic,Credit Card
112,Jennifer Nolan,fieldsedward@example.net,2024-01-11,Basic,Singapore,Credit Card
113,John Lopez,melaniekelley@example.com,1972-07-24,Premium,Belarus,Credit Card
114,Brandon Johnson,david15@example.com,2014-11-15,Standard,Fiji,Credit Card
115,Shawn Rice,hoffmantonya@example.net,1988-01-08,Premium,Aruba,PayPal
116,Jessica Morgan,james20@example.org,1976-08-14,Standard,Gabon,Credit Card
117,Andrea Barr,dhill@example.net,1994-05-07,Premium,Poland,PayPal
118,,tonya27@example.net,2000-12-23,Premium,Malawi,Bank Transfer
119,Ryan White,jordankristen@example.com,2013-03-17,Premium,Macao,Credit Card
120,Daniel Mathews,jessicaturner@example.org,1974-03-25,Premium,Pakistan,Credit Card
121,,nicolefuller@example.net,2012-06-12,Premium,Angola,PayPal
122,Stacey Fox,tanya00@example.net,1970-12-28,Premium,Saint Barthelemy,Bank Transfer
123,Jerome Wise,bellcandice@example.net,1998-08-06,Basic,Sri Lanka,Credit Card
124,Karen Davila,harrisonjerry@example.org,2017-04-15,Premium,Guinea-Bissau,Bank Transfer
125,Bryan Burns,diazjeff@example.com,1989-09-17,Premium,Iceland,Credit Card
126,Ashley Gonzalez,invalid_email,1987-07-10,Premium,Malaysia,Bank Transfer
127,Dean Cline,donnarice@example.org,2011-05-20,Premium,Marshall Islands,Bank Transfer
128,Alan Garza,dixonmichael@example.org,2014-06-18,Standard,Montserrat,Bank Transfer
129,Michael Andersen,linda10@example.net,2005-09-29,Standard,United Kingdom,Credit Card
130,Jeffrey Hardy,kjones@example.net,2004-06-29,Premium,Netherlands Antilles,Bank Transfer
131,Phillip Miranda,rodriguezdana@example.org,2012-09-09,Premium,,Bank Transfer
132,Justin King,xjohnson@example.com,1998-02-25,Basic,Wallis and Futuna,PayPal
133,,stoneholly@example.org,1993-12-04,Standard,Dominica,Bank Transfer
134,Brendan Meyers,nathanwright@example.com,2024-12-01,Standard,Netherlands,Bank Transfer
135,Kelsey Bowman,joshuaarmstrong@example.com,1978-10-27,Premium,Senegal,Credit Card
136,Daniel Hampton,invalid_email,1972-11-25,Premium,Palau,Bank Transfer
137,,imiller@example.org,2011-01-26,Basic,Cocos (Keeling) Islands,Bank Transfer
138,Lauren Beck,whernandez@example.com,2000-01-07,Premium,Solomon Islands,PayPal
139,,ofrancis@example.com,1989-03-31,Basic,Turkey,Credit Card
140,Laura Cameron,ljones@example.com,2014-08-11,Standard,French Southern Territories,PayPal
141,Marco Sullivan,gary49@example.net,1987-02-05,Premium,British Indian Ocean Territory (Chagos Archipelago),Credit Card
142,Julie Murray,sburke@example.org,2008-03-07,Standard,Costa Rica,Credit Card
143,Mark Robinson PhD,mccoybriana@example.com,1987-01-23,Premium,Denmark,Credit Card
144,Jill Brown,calebochoa@example.org,2013-02-01,Basic,Argentina,PayPal
145,Jill Mahoney,invalid_email,2017-01-08,Basic,Iran,Bank Transfer
146,Allison Cruz,hallen@example.com,1987-04-17,Basic,Uganda,Credit Card
147,Cynthia Thomas,andersondavid@example.net,1996-03-10,Premium,Liechtenstein,Bank Transfer
148,Michelle Cordova,parkertimothy@example.com,1984-08-15,Premium,Western Sahara,PayPal
149,Emily Brady,sara63@example.com,1997-02-02,Basic,Philippines,Credit Card
150,Michael Li,nlindsey@example.org,1985-05-06,Premium,Cuba,PayPal
151,,wcook@example.org,1974-03-03,Standard,Dominican Republic,PayPal
152,Andrew Carroll,frichards@example.com,2001-12-01,Basic,Slovakia (Slovak Republic),Bank Transfer
153,Sheila Walker,michael25@example.net,1976-06-20,Basic,Venezuela,Bank Transfer
154,Andrew Rivas,rhonda57@example.com,2019-01-26,Standard,Saint Barthelemy,Credit Card
155,Melissa Stevens,epacheco@example.net,2011-03-17,Premium,Senegal,PayPal
156,Jacob Scott,melanie67@example.org,2011-02-17,Standard,Kuwait,Bank Transfer
157,Kevin Johnston,williamarias@example.com,1993-05-11,Premium,South Georgia and the South Sandwich Islands,Credit Card
158,Allen White,bergerdanielle@example.com,1985-05-22,Basic,Yemen,Credit Card
159,Amber Montes,tracygeorge@example.com,1982-02-28,Standard,Cambodia,Bank Transfer
160,James Mclaughlin,justinwest@example.com,1989-07-03,Basic,Malta,Bank Transfer
161,Kyle Carter,hporter@example.org,2011-09-05,Premium,Yemen,PayPal
162,Kevin Burch DDS,starkjorge@example.org,1998-02-14,Standard,Cape Verde,PayPal
163,Marco Morrison,mtorres@example.com,1987-03-13,Premium,Bouvet Island (Bouvetoya),Bank Transfer
164,Daniel Duncan,michael61@example.com,1983-09-16,Standard,Sierra Leone,Credit Card
165,Stacy Hernandez,usmith@example.com,1995-09-06,Standard,Netherlands Antilles,Credit Card
166,William Jackson,ryanrobbins@example.org,2014-07-02,Standard,Romania,PayPal
167,Jessica Meza,drewhodges@example.net,2003-03-04,Basic,Maldives,Credit Card
168,,joneskenneth@example.net,2010-08-09,Basic,Senegal,Credit Card
169,Joanne Anderson,alexriley@example.com,1987-07-26,Premium,Western Sahara,PayPal
170,Bethany Taylor,destrada@example.com,2005-06-26,Standard,Netherlands Antilles,Credit Card
171,Benjamin Reed,xhunt@example.org,1994-03-24,Premium,Guadeloupe,Credit Card
172,Cheryl Buchanan,vlambert@example.com,1972-08-17,Premium,,Bank Transfer
173,Kristen Blair,danielwalker@example.net,1996-10-25,Standard,Afghanistan,Credit Card
174,Tanya Strickland,bradycassandra@example.net,1972-06-14,Basic,Lithuania,PayPal
175,Jimmy Collins,chapmanderrick@example.org,1977-08-05,Standard,San Marino,PayPal
176,Jessica Mora,alexandracarter@example.net,2001-12-30,Basic,Djibouti,PayPal
177,Kelli Johnson,xmccarty@example.org,1970-03-13,Basic,Turkey,PayPal
178,Candace Mathis,jocelyn65@example.com,1981-01-18,Premium,Tuvalu,Bank Transfer
179,Anthony Buchanan,sandrajoseph@example.net,1980-03-04,Basic,Liberia,Credit Card
180,Bonnie Wright,anthonynelson@example.com,1979-07-22,Standard,Hong Kong,Bank Transfer
181,Emily Byrd,angelica83@example.org,1984-07-22,Basic,Venezuela,PayPal
182,Melanie Brown MD,myerslori@example.net,2006-02-03,Premium,Tanzania,Bank Transfer
183,Debra Todd,michael69@example.org,1981-12-18,Standard,Slovakia (Slovak Republic),Bank Transfer
184,Maureen Roberts,jorge65@example.com,2018-11-10,Premium,Mauritius,Credit Card
185,Julia Wells,laura70@example.net,1974-03-12,Premium,Singapore,Credit Card
186,Richard Hall,scott74@example.org,2024-09-12,Premium,Azerbaijan,PayPal
187,Amy Martinez,meganbrown@example.com,1976-12-14,Premium,Indonesia,Credit Card
188,Dawn Gonzalez,klee@example.org,2017-07-26,Basic,Lesotho,Credit Card
189,Robert Li,iyoder@example.org,2008-04-15,Premium,Portugal,Credit Card
190,Mike Zimmerman DDS,youngjoseph@example.com,1979-11-06,Premium,Andorra,Bank Transfer
191,,cynthiawilliams@example.com,2016-02-03,Premium,Micronesia,Bank Transfer
192,Amanda Bonilla,franklinkrista@example.org,1983-06-27,Standard,Spain,Credit Card
193,Nicole Aguirre,swansonkevin@example.org,1983-06-19,Premium,Djibouti,PayPal
194,Christopher Patterson,shawashley@example.net,1978-08-15,Premium,Namibia,PayPal
195,Michael Perez,invalid_email,2011-10-09,Premium,Brunei Darussalam,PayPal
196,Michael Murphy,david44@example.org,2006-12-23,Basic,San Marino,Credit Card
197,Amanda Spencer,donaldjones@example.net,1982-04-07,Standard,Uganda,Bank Transfer
198,Mark Gordon,adamwaters@example.com,1986-08-16,Premium,Tajikistan,Credit Card
199,Margaret Logan,leetrevor@example.org,1972-06-20,Premium,South Africa,Credit Card
200,Susan Davis,lucashoffman@example.com,1991-10-22,Premium,Belize,PayPal
201,Marie Mercer DDS,nancy91@example.com,1993-10-23,Premium,Martinique,Bank Transfer
202,Jennifer Stephens,thomas39@example.org,2019-10-07,Standard,Equatorial Guinea,PayPal
203,Annette Williams,margaretbooker@example.com,2022-01-04,Basic,Mozambique,Bank Transfer
204,Paul Hayden,christine60@example.org,2008-08-15,Standard,Honduras,PayPal
205,Katelyn White,davisangela@example.org,2019-08-09,Standard,Tokelau,PayPal
206,Gary Flores,stephanieflynn@example.org,2009-11-29,Basic,Djibouti,PayPal
207,William Hahn,invalid_email,2007-10-21,Premium,El Salvador,Credit Card
208,Tracy Henderson,invalid_email,1988-10-08,Basic,Bolivia,PayPal
209,Stephanie Woodward,njones@example.org,1987-11-18,Basic,Grenada,Bank Transfer
210,Wendy Stein,joshua80@example.com,2007-09-01,Basic,,Credit Card
211,Kenneth Freeman,ialexander@example.org,2004-06-06,Standard,Aruba,Bank Transfer
212,Sandra Nguyen,invalid_email,1970-02-17,Standard,Mozambique,Credit Card
213,Angelica Greer,rdonaldson@example.com,1987-07-09,Standard,Germany,PayPal
214,Belinda Allen,lyonsjeanne@example.com,2017-03-18,Premium,Bahrain,PayPal
215,Sean Fowler III,zimmermanlinda@example.net,1979-06-18,Standard,Mongolia,Bank Transfer
216,Angela Nelson,martineznancy@example.org,2012-05-01,Basic,Sierra Leone,Bank Transfer
217,Brandon Murray,yolanda89@example.org,1975-10-26,Premium,Turks and Caicos Islands,Bank Transfer
218,,anthony07@example.net,1985-06-29,Basic,Wallis and Futuna,PayPal
219,Johnny Brown,hardingkarla@example.org,2006-12-02,Premium,Venezuela,Credit Card
220,Dr. Jeffrey Collins,megan66@example.com,1976-10-23,Premium,Greece,PayPal
221,Carol Underwood,norman55@example.net,1983-04-06,Basic,Micronesia,Bank Transfer
222,,davidmccullough@example.net,1989-04-07,Premium,Guyana,PayPal
223,Kristin Johnson,invalid_email,1971-12-29,Standard,Equatorial Guinea,Bank Transfer
224,Marcus Wallace,invalid_email,1970-11-16,Premium,Palau,Credit Card
225,Richard Weeks,victoria01@example.com,1976-07-15,Standard,Malaysia,Credit Card
226,Anthony Zimmerman,aaron47@example.org,1981-02-22,Premium,Cyprus,PayPal
227,Hannah Kim,invalid_email,1996-10-07,Basic,Montenegro,Bank Transfer
228,Laura Hunter,luisparsons@example.net,1976-01-17,Basic,Marshall Islands,PayPal
229,,holly63@example.org,2016-10-15,Basic,Montserrat,Bank Transfer
230,Robert Thomas,jerryduran@example.org,2022-06-15,Premium,Holy See (Vatican City State),PayPal
231,Brandon Sexton,russellhill@example.org,1998-01-18,Premium,Sao Tome and Principe,Credit Card
232,Debbie Gibson,jrichardson@example.org,2012-11-28,Premium,Honduras,PayPal
233,Claudia Cochran,invalid_email,1998-09-12,Premium,Guinea,Bank Transfer
234,Leslie Porter,ricky07@example.org,2003-02-19,Basic,Iraq,Bank Transfer
235,Shannon Reyes,antoniogardner@example.net,1970-05-20,Basic,Barbados,Credit Card
236,Samuel Martinez,christian95@example.org,1979-07-08,Premium,Ukraine,PayPal
237,Grant Edwards,pharvey@example.org,1970-12-25,Standard,Antigua and Barbuda,Bank Transfer
238,Melissa Molina,jenny88@example.net,1980-12-09,Premium,Georgia,Bank Transfer
239,Amy Alvarado,nicholashoffman@example.com,1974-07-23,Standard,Turks and Caicos Islands,PayPal
240,Kyle Rogers,jennifer02@example.net,2004-12-14,Premium,Jordan,Credit Card
241,David Hooper,gnash@example.net,1977-10-24,Standard,Seychelles,PayPal
242,,alyssa32@example.net,1974-02-15,Standard,Anguilla,Bank Transfer
243,Melissa Molina,westwilliam@example.net,2001-11-14,Standard,Mozambique,PayPal
244,Steven Turner,rodriguezbenjamin@example.com,2023-08-06,Premium,Hong Kong,Bank Transfer
245,Joseph Ward,mark09@example.net,1977-04-14,Standard,Guinea,Bank Transfer
246,Matthew Garcia,travis10@example.net,1984-06-25,Basic,China,PayPal
247,Angela Blankenship,paul57@example.org,1980-03-26,Basic,Vanuatu,Credit Card
248,Diane Flores,denise50@example.org,1996-03-03,Standard,United Kingdom,Credit Card
249,Arthur Obrien,jessica04@example.net,2010-06-27,Standard,Yemen,Credit Card
250,Susan Bell,sanforddenise@example.com,1989-06-20,Standard,Bhutan,Credit Card
251,Amy Rhodes,jamesaaron@example.com,1995-07-19,Basic,Switzerland,Bank Transfer
252,Janet Long,stewartchristine@example.com,1996-06-18,Basic,India,PayPal
253,Mrs. Heather Rivera,mibarra@example.org,2005-08-15,Standard,Kyrgyz Republic,PayPal
254,Cheryl Lane,christina74@example.net,2019-12-29,Premium,Algeria,Bank Transfer
255,Rebecca Rivera,invalid_email,2014-03-13,Premium,Canada,Bank Transfer
256,Matthew Hansen,richardharrell@example.net,2014-03-16,Standard,Saint Pierre and Miquelon,PayPal
257,Phillip Brooks,larry73@example.com,1981-04-12,Basic,Equatorial Guinea,Bank Transfer
258,,erin85@example.com,1992-09-07,Standard,Montserrat,PayPal
259,David Morales,brian56@example.org,1979-03-21,Premium,Nauru,PayPal
260,Emily Strickland,ashley61@example.net,1991-04-15,Standard,Guadeloupe,Credit Card
261,Austin Fernandez,mary94@example.com,2022-10-05,Premium,Belarus,Credit Card
262,Albert Gilbert,zimmermanchristian@example.com,1979-10-20,Premium,Thailand,PayPal
263,Steve Hansen,marshallmichael@example.org,2007-04-05,Premium,Senegal,PayPal
264,Shane Smith,butlersusan@example.org,1974-08-22,Premium,South Georgia and the South Sandwich Islands,Credit Card
265,Thomas Miller,reynoldschristopher@example.org,1982-03-18,Standard,Heard Island and McDonald Islands,Bank Transfer
266,Christopher Henry,xgray@example.org,1970-06-16,Basic,Brazil,PayPal
267,Tyler Friedman,jamesstephens@example.com,1979-04-16,Premium,Tanzania,Bank Transfer
268,Gerald Gray,elizabethharvey@example.org,2013-03-17,Standard,Wallis and Futuna,PayPal
269,Melissa Chandler,justinhill@example.org,2003-12-21,Standard,Chile,PayPal
270,Samuel Evans,lbarrera@example.net,1983-09-20,Standard,United Kingdom,Credit Card
271,Gabriel Miller,invalid_email,1975-10-30,Standard,Benin,Bank Transfer
272,William Gonzalez,johnsonrobert@example.org,1982-10-13,Premium,Qatar,Credit Card
273,Crystal Chavez,kathryn68@example.com,1990-10-25,Premium,Cape Verde,PayPal
274,Richard Adams,aboyer@example.org,1976-08-13,Standard,Thailand,PayPal
275,Shawn Fernandez,angelafrazier@example.com,2022-07-30,Standard,United States Minor Outlying Islands,PayPal
276,Diane Vasquez,angelatucker@example.com,1977-12-29,Premium,Swaziland,PayPal
277,Alexander Lee,ibarrawilliam@example.org,1983-04-09,Premium,Norfolk Island,Credit Card
278,Linda Pearson,nlawrence@example.com,1987-07-19,Premium,India,Credit Card
279,Jeffrey Kent,nina84@example.com,2022-02-10,Premium,Singapore,Credit Card
280,Tina Marshall,sonia93@example.net,2007-08-21,Basic,Djibouti,PayPal
281,Sarah Miller,colemanbarry@example.net,1994-02-12,Basic,Mongolia,Bank Transfer
282,Carlos Bennett,hoffmanlisa@example.com,2004-03-04,Basic,Nauru,PayPal
283,Brian Montgomery,washingtonrachel@example.org,2012-03-16,Standard,British Indian Ocean Territory (Chagos Archipelago),Credit Card
284,Samantha Barton,shirleywhite@example.org,1985-01-28,Premium,Bahrain,Bank Transfer
285,Seth Burton,probles@example.org,2007-06-23,Premium,Brazil,Credit Card
286,Destiny Page,rebecca19@example.org,1978-02-24,Premium,Guadeloupe,Bank Transfer
287,Denise Acosta,dhunt@example.net,1978-11-19,Premium,Myanmar,Bank Transfer
288,Dr. Christopher Casey,danielgallagher@example.net,1994-11-03,Basic,Swaziland,Bank Transfer
289,Sean Robertson,erin84@example.net,2006-10-21,Standard,Mauritania,Credit Card
290,Jeremy Williams,carol96@example.org,1988-04-21,Standard,Uzbekistan,PayPal
291,Karen Rivera DDS,courtneyboyd@example.com,2009-10-15,Premium,Armenia,PayPal
292,Rebecca Sutton,mariawilson@example.org,1995-04-16,Basic,American Samoa,Credit Card
293,,wilkinswendy@example.com,2004-07-18,Basic,,PayPal
294,Courtney Holmes,henry35@example.com,2015-12-15,Standard,Niger,PayPal
295,Rebecca Cunningham,roberthernandez@example.net,1985-11-20,Basic,Tokelau,Bank Transfer
296,Angela Flores,michaelrodriguez@example.net,2021-07-15,Premium,Spain,PayPal
297,,vklein@example.net,2009-08-12,Basic,Nigeria,Bank Transfer
298,Jonathan Brown,williamskathryn@example.com,2019-04-15,Basic,Belize,Bank Transfer
299,Lynn Tucker,davisheather@example.com,2005-11-14,Standard,Egypt,Bank Transfer
300,Christopher Mitchell,jeffreybrown@example.org,2011-03-26,Standard,Wallis and Futuna,Bank Transfer
301,,christopherjohnson@example.com,1970-03-14,Standard,Albania,PayPal
302,Ernest Wu,abigailandersen@example.net,1970-06-17,Basic,Holy See (Vatican City State),Credit Card
303,Christy Austin,richardsbrian@example.org,1978-10-23,Premium,American Samoa,PayPal
304,Kristopher Brown,iduran@example.com,2020-07-03,Standard,Congo,Bank Transfer
305,Marcus Johnson,barbaralewis@example.net,2013-06-07,Standard,Norfolk Island,PayPal
306,Joseph Smith,dominiquecasey@example.org,1980-07-19,Standard,Cyprus,PayPal
307,,williamtaylor@example.org,2002-09-14,Basic,Colombia,Bank Transfer
308,Sharon Robinson,nbennett@example.com,1975-12-30,Basic,Libyan Arab Jamahiriya,Bank Transfer
309,Christopher Walsh,ypark@example.net,1993-10-19,Basic,Honduras,Credit Card
310,Gina Marks,ejones@example.org,2008-03-27,Basic,Myanmar,Credit Card
311,Debbie Butler,brandisoto@example.org,1991-01-21,Standard,Bermuda,Credit Card
312,Gina Hayes MD,thomas71@example.com,1977-11-13,Basic,Fiji,Bank Transfer
313,Madison Simon,benjamin01@example.org,1977-02-25,Premium,Mozambique,PayPal
314,Laura Hubbard,kimberlybishop@example.org,1971-10-22,Standard,Latvia,PayPal
315,Jessica Lee,ajohnson@example.net,1979-08-23,Standard,Nigeria,Credit Card
316,Adam Larson,kelseyramirez@example.net,2013-08-19,Standard,Malta,Bank Transfer
317,,lwashington@example.com,1989-04-24,Basic,Faroe Islands,Credit Card
318,Tanya Silva,millerjeffrey@example.com,1981-01-22,Premium,Tonga,Bank Transfer
319,Virginia Sullivan,johnchan@example.com,1999-11-30,Premium,El Salvador,Bank Transfer
320,Brian Bennett,ryandavis@example.net,1973-11-25,Standard,Albania,Bank Transfer
321,James Holder,amy29@example.org,2007-06-26,Standard,France,Credit Card
322,Christopher Hickman,jocelynwiley@example.com,2001-06-07,Basic,Isle of Man,Credit Card
323,Jenna Higgins,pzimmerman@example.org,2016-06-14,Premium,Denmark,Bank Transfer
324,John Wilson,gwendolyn41@example.org,1992-02-26,Basic,Vietnam,PayPal
325,Jennifer Anderson,spencerlutz@example.com,1989-03-22,Basic,Nauru,PayPal
326,Kimberly Jackson,winterschelsea@example.net,1982-07-07,Standard,Romania,Bank Transfer
327,Manuel Johnson,juanpowell@example.com,2006-04-29,Basic,Brazil,Bank Transfer
328,Michael Davis,ppeterson@example.com,1972-07-28,Standard,Yemen,Bank Transfer
329,,aleach@example.com,2010-06-02,Standard,Belgium,Credit Card
330,Stephen Copeland,james51@example.org,1992-07-11,Premium,Zimbabwe,PayPal
331,Angel Johnson,xgreen@example.net,1980-04-17,Standard,Angola,PayPal
332,Amy Hall,jonesrandy@example.net,1985-12-31,Standard,Colombia,Credit Card
333,Megan Morales,mason74@example.org,1980-01-17,Premium,Uruguay,Bank Transfer
334,Gregory Matthews,scott93@example.org,1997-04-24,Premium,Tanzania,Bank Transfer
335,Regina Garrett,lisa30@example.org,2019-03-18,Standard,Morocco,PayPal
336,Angel Moore,megancole@example.net,2013-03-27,Basic,Central African Republic,Bank Transfer
337,Stacy Perez,ethanphillips@example.org,1983-06-12,Basic,Korea,PayPal
338,Antonio Cole,ovillanueva@example.com,1997-03-18,Standard,Mali,Bank Transfer
339,Melvin Roberts,steven82@example.net,2020-05-17,Premium,Puerto Rico,Bank Transfer
340,Roger Bell,christine30@example.com,1974-03-31,Standard,Haiti,Bank Transfer
341,,joshuawright@example.com,1980-01-25,Premium,Lesotho,Credit Card
342,Oscar Johnson,ssmith@example.net,1985-07-28,Premium,Zimbabwe,Bank Transfer
343,Anthony Ward,thomasamy@example.com,1976-01-10,Basic,Nepal,Credit Card
344,,nicholasmclaughlin@example.org,1975-09-01,Basic,Lebanon,Bank Transfer
345,Ann Buckley,joshuacampbell@example.com,1997-06-11,Premium,South Africa,PayPal
346,Angela Hale,wilsondustin@example.org,2018-06-04,Basic,Philippines,PayPal
347,Maria Wyatt DVM,chase03@example.org,2008-04-03,Basic,Falkland Islands (Malvinas),Credit Card
348,Lisa Rodriguez,colemarc@example.net,1973-07-17,Premium,Bulgaria,Credit Card
349,Robert Perez,wolson@example.net,2019-11-13,Standard,Kiribati,PayPal
350,Yolanda Proctor,frenchwilliam@example.net,1978-09-20,Standard,Colombia,PayPal
351,,angela59@example.org,2008-03-07,Premium,Ireland,Bank Transfer
352,Alan Mathis,georgejennifer@example.org,1978-08-26,Standard,Netherlands,Bank Transfer
353,Jessica Spears,morrisdebra@example.org,1982-04-04,Standard,Spain,Bank Transfer
354,Amanda Peterson,danielle08@example.net,1981-02-24,Standard,Liechtenstein,Credit Card
355,Kristin Kramer,umartinez@example.net,1975-12-20,Standard,Swaziland,PayPal
356,Brett Williams,amyjohnson@example.net,2023-12-23,Premium,Bulgaria,Bank Transfer
357,Patrick Wright,andersonerika@example.org,1993-09-29,Basic,Montenegro,Bank Transfer
358,Kimberly Huynh,joel32@example.com,1983-11-08,Basic,New Caledonia,Credit Card
359,Theresa Briggs,morrisamy@example.net,1973-11-12,Basic,Norway,Credit Card
360,Wendy Smith,cunninghamvalerie@example.org,1992-11-11,Premium,Norway,Bank Transfer
361,Leslie Morris,andrewtrevino@example.org,2016-07-09,Standard,Afghanistan,PayPal
362,Edwin Lynn,tvillanueva@example.org,1993-06-16,Premium,Netherlands Antilles,Bank Transfer
363,Meghan Logan,knightlauren@example.org,1971-05-05,Basic,Cameroon,Credit Card
364,,guzmanwilliam@example.com,2005-05-31,Basic,United Arab Emirates,Credit Card
365,Brittney Elliott,williamoliver@example.org,2000-02-11,Premium,Nigeria,PayPal
366,Mrs. Lynn Davis,chenleroy@example.com,1974-12-29,Basic,Vanuatu,Credit Card
367,Rachel Green,bryantisabella@example.net,1973-01-27,Basic,Macao,Credit Card
368,Melissa Ward,invalid_email,1974-04-08,Standard,British Virgin Islands,Credit Card
369,Jamie Pena,salazartimothy@example.net,1994-03-24,Basic,Cape Verde,Bank Transfer
370,Joshua Middleton,fwells@example.com,2019-12-25,Standard,Mayotte,PayPal
371,Matthew Hunter,nsharp@example.org,1993-10-24,Basic,Maldives,Bank Transfer
372,Walter Pugh,kathleen32@example.org,1977-08-09,Premium,Palestinian Territory,Credit Card
373,Jennifer Brown,jesse65@example.net,2005-12-18,Basic,Samoa,Bank Transfer
374,Leslie Gallegos,lmartin@example.org,1988-01-29,Premium,Nepal,Credit Card
375,Donald Mendoza,robert85@example.com,2004-03-08,Premium,Uruguay,Bank Transfer
376,Glenn Cortez,pperez@example.com,1979-11-13,Basic,South Georgia and the South Sandwich Islands,Bank Transfer
377,Justin Hamilton,heathergreen@example.com,1983-07-19,Premium,Jamaica,Bank Transfer
378,Rhonda Thomas,pcastaneda@example.org,2008-05-16,Standard,Sri Lanka,Bank Transfer
379,James Green,zfischer@example.com,1980-06-04,Basic,Svalbard & Jan Mayen Islands,Credit Card
380,Tiffany Torres,simpsonjenna@example.com,1972-06-14,Premium,Malawi,PayPal
381,Courtney Moore,isaac02@example.net,2023-09-30,Standard,South Africa,Credit Card
382,Catherine Long,epotts@example.com,1970-10-05,Basic,Guadeloupe,Bank Transfer
383,Erik Wilson,callen@example.net,1998-02-13,Basic,Kyrgyz Republic,PayPal
384,Dalton Ayala,michaelschmidt@example.com,2007-07-23,Premium,Jamaica,Bank Transfer
385,Paul Mendez,davidwilliams@example.net,2002-05-16,Basic,Tunisia,Bank Transfer
386,Robert Parker,joshuagallegos@example.org,1986-04-08,Standard,Thailand,Bank Transfer
387,Laura Glenn,salasdaniel@example.org,1996-03-12,Premium,Rwanda,PayPal
388,Catherine Brown,jennifer09@example.net,2014-01-16,Standard,Burkina Faso,PayPal
389,,nturner@example.org,2000-12-24,Basic,,PayPal
390,Mr. Jay Reyes Jr.,invalid_email,2011-03-05,Basic,Timor-Leste,Credit Card
391,Tiffany Anderson,anna70@example.net,1994-07-25,Standard,Liberia,Bank Transfer
392,Suzanne Briggs,theresaclark@example.org,1998-02-21,Basic,Bosnia and Herzegovina,Bank Transfer
393,Tina Allen,allison92@example.com,2002-01-18,Standard,Cameroon,Credit Card
394,Kurt Johnson,wattskenneth@example.org,1977-09-07,Standard,Pakistan,PayPal
395,,andres29@example.com,2008-09-20,Basic,Barbados,PayPal
396,Rebecca Wheeler,lauren25@example.net,1999-04-28,Standard,Zambia,Bank Transfer
397,Tyler Higgins,alyssasims@example.com,2024-06-19,Standard,Greece,Bank Transfer
398,Manuel Mckee,kramerjames@example.com,1990-11-23,Basic,Nepal,Credit Card
399,Jeremy Bauer,camposdanny@example.org,2013-12-18,Standard,Australia,Bank Transfer
400,Fred Roman,invalid_email,1994-03-23,Premium,Maldives,Bank Transfer
401,Thomas Lamb,christopherbass@example.org,1979-12-29,Premium,Cyprus,Bank Transfer
402,Michael Dennis,willisholly@example.org,1970-05-14,Standard,Andorra,Bank Transfer
403,Melissa Duarte,margaretbennett@example.com,1985-03-06,Premium,French Guiana,PayPal
404,Daniel Matthews,vwalker@example.net,1970-04-28,Standard,Dominican Republic,Bank Transfer
405,Donna Lawrence,obowman@example.com,1985-12-13,Premium,Antarctica (the territory South of 60 deg S),PayPal
406,Adam Townsend,invalid_email,1986-09-15,Basic,Belarus,Bank Transfer
407,Bradley White,victorialewis@example.org,1979-11-20,Standard,Cook Islands,Credit Card
408,Timothy Cardenas,lauren80@example.net,1974-05-14,Standard,Niue,PayPal
409,Sydney Murphy,jasonwilliamson@example.org,2011-08-26,Premium,Peru,Credit Card
410,Mr. Tony Graves IV,deborahstewart@example.net,2024-07-28,Premium,Cayman Islands,PayPal
411,Amanda Robles,invalid_email,2014-02-18,Standard,Antarctica (the territory South of 60 deg S),Bank Transfer
412,Sharon Proctor,peter07@example.com,2012-01-06,Premium,Guinea,Credit Card
413,Gary Espinoza,lukewilson@example.net,2000-07-25,Standard,Slovakia (Slovak Republic),Bank Transfer
414,,quinnkimberly@example.com,1976-08-10,Standard,Uzbekistan,PayPal
415,Mark Garcia,teresa61@example.net,1973-03-27,Premium,British Indian Ocean Territory (Chagos Archipelago),Bank Transfer
416,John Rivas,sierra22@example.com,2020-06-29,Premium,Bahrain,Bank Transfer
417,Amy Davis,grantclark@example.net,2012-12-19,Standard,Armenia,PayPal
418,Darlene Romero,tracy68@example.com,1987-11-01,Basic,Gibraltar,Credit Card
419,Jose Williams,henry60@example.net,1998-01-19,Basic,Turks and Caicos Islands,Credit Card
420,Connor Santos,guzmanrichard@example.net,2008-01-13,Premium,Paraguay,Bank Transfer
421,William Oneal,courtneypitts@example.org,1992-12-06,Premium,Brazil,PayPal
422,Matthew Ray,iadams@example.org,1971-02-05,Standard,Belize,Bank Transfer
423,Hunter Olson,invalid_email,2023-12-02,Basic,Ecuador,Credit Card
424,Austin Mcintyre,aaron63@example.com,2007-03-05,Premium,Palau,Bank Transfer
425,Barry Armstrong,darrylwhite@example.com,2013-10-11,Basic,Yemen,Bank Transfer
426,,lauriehill@example.net,2004-06-03,Standard,Saint Helena,PayPal
427,Victor Harrell,mpena@example.net,2005-02-13,Standard,Indonesia,Credit Card
428,Jacob Hernandez,sara79@example.org,2023-04-07,Basic,Haiti,PayPal
429,Crystal Bird,jefferysmith@example.org,2008-10-07,Basic,Czech Republic,Bank Transfer
430,Jeffrey Nelson,vincent96@example.net,1986-08-20,Premium,Hungary,PayPal
431,Marcia Lopez,alexandriamayo@example.net,2021-01-23,Standard,Mauritius,Credit Card
432,Amanda Mckee,mikepatterson@example.net,1991-12-08,Basic,Russian Federation,Bank Transfer
433,Amy Allison,castillokim@example.com,1995-08-21,Standard,,Bank Transfer
434,Danielle Wong,jamesamy@example.com,1999-11-27,Basic,Dominica,Bank Transfer
435,Cynthia Bean,garrisonerica@example.org,1994-02-16,Standard,Cuba,PayPal
436,Whitney Day,lukeperez@example.com,2014-08-11,Standard,Uganda,Credit Card
437,Thomas Manning,rojasmary@example.org,2013-09-28,Standard,Burkina Faso,PayPal
438,,holly96@example.com,2015-03-28,Premium,Guam,Bank Transfer
439,,invalid_email,1996-02-28,Basic,Tunisia,Bank Transfer
440,Justin Leon,jessica57@example.net,1992-11-14,Standard,Saint Kitts and Nevis,PayPal
441,,paige84@example.net,1997-06-16,Basic,Saint Lucia,PayPal
442,Timothy Knapp,clayheather@example.org,1990-07-13,Premium,Congo,Bank Transfer
443,James Oliver,rosariolynn@example.com,1979-02-26,Standard,Guadeloupe,Bank Transfer
444,,scottkim@example.net,2002-12-12,Premium,Tajikistan,PayPal
445,Todd Castro,calebkelly@example.net,1986-01-02,Standard,Faroe Islands,Bank Transfer
446,Kenneth Porter,albert96@example.net,2001-02-14,Basic,Svalbard & Jan Mayen Islands,PayPal
447,Kristin Martinez,ekim@example.com,1986-03-20,Standard,Iceland,PayPal
448,Chris Marshall,tluna@example.net,1995-06-17,Premium,Norway,Credit Card
449,Michelle Brown,clarkolivia@example.com,2001-05-15,Premium,Wallis and Futuna,Bank Transfer
450,,lindawalker@example.org,1989-06-20,Basic,Congo,PayPal
451,Vickie Yates,invalid_email,1989-08-17,Premium,Kyrgyz Republic,Bank Transfer
452,Debbie Becker,hwilcox@example.net,2002-02-04,Standard,Colombia,PayPal
453,,cowens@example.com,1970-03-17,Basic,Italy,Bank Transfer
454,Melissa Howard,elizabeth59@example.org,2020-09-03,Standard,Lebanon,Credit Card
455,Howard Diaz,pgrant@example.com,1979-11-23,Basic,Hong Kong,PayPal
456,Shannon Smith,michaelpowell@example.org,2006-02-06,Premium,Jordan,Bank Transfer
457,,ejones@example.net,1985-04-03,Basic,Namibia,Bank Transfer
458,Steven Rogers,jmadden@example.net,1978-04-15,Premium,Somalia,PayPal
459,Mark Hughes,mbaker@example.net,2004-04-27,Basic,Moldova,Credit Card
460,Luke Smith,ujackson@example.com,1986-03-01,Standard,Kuwait,Bank Transfer
461,Gary Paul,ggarcia@example.net,2005-07-29,Premium,Tanzania,Bank Transfer
462,Paula Liu,jocelyn30@example.net,1985-01-12,Basic,Svalbard & Jan Mayen Islands,Bank Transfer
463,Kayla Figueroa,invalid_email,1996-01-27,Standard,Peru,Bank Transfer
464,Benjamin Long,mooredouglas@example.net,1971-02-01,Basic,Iraq,Bank Transfer
465,Kathryn Freeman,joy09@example.net,1975-02-14,Standard,Zambia,Bank Transfer
466,Bradley Keller,invalid_email,1974-02-01,Basic,New Caledonia,PayPal
467,Debra Edwards,morenodominique@example.com,2018-10-10,Basic,Mayotte,Bank Transfer
468,James Barr,jason59@example.org,1989-09-20,Basic,Belarus,Bank Transfer
469,Debra Delgado,paulaellis@example.net,2022-10-28,Standard,Central African Republic,PayPal
470,Jennifer Wagner,jonathan98@example.com,1988-06-22,Premium,Madagascar,Credit Card
471,Stephanie Green,amiller@example.net,2002-12-05,Premium,Slovakia (Slovak Republic),Credit Card
472,Nicholas Brown,taustin@example.net,1988-03-30,Standard,El Salvador,Bank Transfer
473,Erica Lopez,karen71@example.com,2005-04-23,Basic,British Indian Ocean Territory (Chagos Archipelago),Credit Card
474,,phillipspeter@example.org,2004-01-11,Premium,Barbados,PayPal
475,Robert Gonzales,ecook@example.org,1985-12-31,Standard,Venezuela,Credit Card
476,Kathleen Wheeler,hartmangina@example.com,1987-03-11,Basic,Suriname,Bank Transfer
477,Veronica Hayes,bcurry@example.net,1991-08-07,Premium,Guyana,Credit Card
478,Candace Thomas,jamestran@example.org,1985-06-22,Premium,Lebanon,PayPal
479,Michael Goodman Jr.,michaelmoore@example.net,1995-01-25,Standard,Paraguay,Bank Transfer
480,Kaylee Valdez,luke14@example.net,1994-07-18,Basic,Zimbabwe,Credit Card
481,Sandra Lynch,qmartinez@example.org,1973-05-22,Standard,Maldives,Credit Card
482,Lauren Waters,robertvazquez@example.com,1987-07-02,Premium,Pitcairn Islands,Credit Card
483,Courtney Jimenez,invalid_email,1978-06-18,Premium,North Macedonia,Bank Transfer
484,Cathy Glover,michael60@example.org,1983-04-20,Basic,Guyana,Bank Transfer
485,Timothy Winters,alexandradorsey@example.net,1980-02-01,Premium,Madagascar,Bank Transfer
486,,lucasdale@example.com,1993-02-22,Premium,Poland,Credit Card
487,Jennifer Cole,xmoore@example.net,1982-08-05,Premium,Chile,PayPal
488,David Williams,kathleen55@example.com,1987-09-14,Premium,Dominican Republic,Bank Transfer
489,Jeffery Martin,johnritter@example.org,2019-04-17,Premium,Guernsey,Bank Transfer
490,,michael88@example.org,1996-09-14,Standard,Malaysia,PayPal
491,Jamie Spencer,monique85@example.com,1979-09-22,Basic,Antarctica (the territory South of 60 deg S),PayPal
492,John Griffith,kevin26@example.net,1993-07-21,Standard,Equatorial Guinea,Credit Card
493,Austin Sherman,james04@example.com,2006-01-06,Premium,Togo,Bank Transfer
494,,scottfrank@example.net,1992-08-24,Premium,Paraguay,Credit Card
495,Whitney Williamson,pedrosmith@example.net,2009-04-10,Basic,Timor-Leste,Credit Card
496,Dylan Colon,teresahopkins@example.com,2000-08-30,Basic,Mongolia,Bank Transfer
497,Kathryn Welch,jeffrey68@example.org,1988-12-24,Basic,Romania,Bank Transfer
498,Diana Dunlap,kellyphillips@example.net,1974-07-03,Basic,Martinique,Credit Card
499,Robert Thompson,greenadam@example.com,2002-04-25,Premium,Latvia,Bank Transfer
500,Denise Smith,diazkatie@example.net,2020-10-15,Premium,Faroe Islands,Bank Transfer
501,Jacqueline Mills,christopher20@example.org,2015-07-20,Standard,Austria,PayPal
502,Brandon Bowen,ecantu@example.net,1984-04-25,Premium,Cameroon,Credit Card
503,,megan57@example.org,1991-11-08,Premium,Netherlands Antilles,Credit Card
504,David Miller,laurapetersen@example.net,1994-04-11,Standard,Reunion,PayPal
505,Edwin Smith,anthonyhughes@example.org,2022-12-29,Premium,San Marino,Bank Transfer
506,Caroline Lee,calderonmatthew@example.com,2004-04-28,Basic,Afghanistan,Bank Transfer
507,,thompsonpamela@example.net,2013-05-14,Standard,Peru,Credit Card
508,Mrs. Caitlyn Jennings,dmckay@example.net,1996-08-10,Premium,Thailand,Credit Card
509,Gilbert Richards,derek04@example.org,1973-11-02,Basic,Czech Republic,Bank Transfer
510,Ryan Gonzalez MD,invalid_email,2020-09-02,Standard,,Credit Card
511,Mark Wright,jortega@example.net,2005-02-09,Standard,Vietnam,PayPal
512,,acarr@example.com,2014-04-02,Basic,Saint Lucia,Credit Card
513,Derrick Holland,frazierderek@example.net,2005-12-14,Basic,Cuba,PayPal
514,Ashley Mendoza,sfoster@example.net,2010-04-17,Standard,Portugal,Credit Card
515,David Thompson,kayla02@example.org,1998-01-09,Premium,French Guiana,Credit Card
516,Sheila Salazar,avaldez@example.com,1987-03-15,Basic,Guernsey,Credit Card
517,Alicia Stewart,invalid_email,1971-01-26,Basic,British Virgin Islands,PayPal
518,Donna Kim,fuentesjeffrey@example.com,1973-03-03,Premium,Czech Republic,Credit Card
519,Tiffany Ellis,rothwilliam@example.net,2008-01-08,Standard,Northern Mariana Islands,Bank Transfer
520,,kayla48@example.org,1993-11-11,Standard,Dominica,Bank Transfer
521,Linda Quinn,jfarmer@example.net,2011-11-09,Premium,Saint Pierre and Miquelon,Credit Card
522,Dennis Powell,rdunn@example.com,2022-04-12,Basic,Turkmenistan,Credit Card
523,Mr. Sean Lopez,hickmanjames@example.org,2006-09-26,Basic,Paraguay,Credit Card
524,William Ferrell,elliottmichael@example.com,2010-11-28,Standard,Macao,Credit Card
525,Erica Myers,qwalker@example.com,2001-02-07,Premium,Korea,Credit Card
526,,staceygonzalez@example.com,1992-07-16,Premium,Liberia,Bank Transfer
527,Justin Young,shanelittle@example.com,1983-07-01,Standard,Ukraine,Credit Card
528,Sarah Rodriguez,pmiddleton@example.net,2024-06-20,Basic,Turkey,Bank Transfer
529,Derrick Yang,michael94@example.net,1980-05-30,Basic,Cyprus,Credit Card
530,Daniel Campos,normanbrian@example.org,2021-06-29,Basic,Greenland,Bank Transfer
531,Michelle Haynes,pwilson@example.net,2005-05-15,Premium,Armenia,PayPal
532,Amanda Cooper,rowetimothy@example.com,1976-09-13,Premium,Congo,PayPal
533,Margaret Clark,egallegos@example.org,2000-06-27,Basic,Kenya,PayPal
534,Elizabeth Cross,susan98@example.net,1985-07-06,Basic,Philippines,Bank Transfer
535,Kendra Maxwell,natalie03@example.org,1991-09-15,Premium,Myanmar,Bank Transfer
536,,ashleyramirez@example.net,1979-09-09,Standard,Mali,PayPal
537,Sara Rodriguez,salazarkatelyn@example.net,2001-03-09,Basic,Cocos (Keeling) Islands,Credit Card
538,Gloria Daniel,ericbooth@example.net,2005-01-04,Premium,Syrian Arab Republic,Bank Transfer
539,Jerry Wheeler,davidmcdonald@example.net,1993-02-05,Premium,Guinea-Bissau,Credit Card
540,Amanda Gould,seth67@example.com,1974-08-24,Basic,Madagascar,Credit Card
541,Paul Chase,henry92@example.com,1983-08-07,Basic,Comoros,PayPal
542,Suzanne Hobbs,stacey97@example.org,2011-06-28,Standard,Sweden,Bank Transfer
543,,foxjennifer@example.org,1980-09-12,Standard,Costa Rica,Credit Card
544,Jeffery Lee,ashley11@example.com,1978-08-23,Premium,Papua New Guinea,Credit Card
545,William Hardin,izuniga@example.com,2018-12-23,Basic,Fiji,PayPal
546,Megan Morales,ljoseph@example.net,2001-04-11,Premium,,Credit Card
547,,david09@example.net,1992-04-29,Standard,Portugal,Bank Transfer
548,Taylor Henry,mahoneymichael@example.org,2013-04-27,Standard,Vanuatu,Credit Card
549,Kenneth Archer DDS,peter93@example.net,1989-11-24,Standard,Sudan,Bank Transfer
550,Eric Williams,brittanyfrye@example.com,2009-03-06,Basic,Andorra,Bank Transfer
551,Joshua Dickerson MD,sarah47@example.net,1989-05-29,Basic,Armenia,Credit Card
552,Christopher Rangel,kaitlynhudson@example.org,1985-07-28,Premium,Kiribati,PayPal
553,Amanda Gamble,davidpearson@example.org,1999-02-28,Standard,Togo,PayPal
554,William Smith,vthompson@example.org,1973-03-10,Basic,Morocco,PayPal
555,Jacqueline Gonzalez,edward64@example.org,2024-01-28,Premium,Belgium,Bank Transfer
556,,allendavid@example.com,2001-04-21,Basic,Aruba,Bank Transfer
557,Kaitlin Fry,michaelcox@example.org,1981-10-31,Basic,Cote d'Ivoire,PayPal
558,Paul Lopez,david63@example.com,1988-10-03,Basic,Venezuela,PayPal
559,Lauren Prince DDS,judychavez@example.com,2006-01-26,Standard,Lesotho,PayPal
560,Angela Wallace,matthew91@example.net,1975-05-31,Basic,Maldives,Credit Card
561,,jeremiahsantana@example.com,1974-05-18,Standard,Malta,PayPal
562,George Cox,burnsrobert@example.org,1985-05-22,Basic,Spain,PayPal
563,Katherine Lee,jenniferbishop@example.net,2012-02-16,Premium,Bahamas,PayPal
564,Robert Anderson,hortonkevin@example.net,2003-06-04,Premium,Christmas Island,PayPal
565,Amy Ayers,austinryan@example.com,1995-07-17,Premium,Taiwan,Bank Transfer
566,Ryan Johnson,damonmartin@example.com,1978-06-23,Standard,Trinidad and Tobago,Credit Card
567,Brad Perez,gina75@example.com,1991-08-02,Basic,Ecuador,Credit Card
568,Wesley Moore,vanessalin@example.org,1984-04-16,Basic,Mozambique,Bank Transfer
569,Angela Johnson,michelegraham@example.org,1974-07-11,Standard,Thailand,Credit Card
570,Thomas Hunter,jennifer61@example.com,2001-02-10,Premium,China,Bank Transfer
571,Ellen Howe,albert12@example.net,2005-11-08,Basic,Central African Republic,Bank Transfer
572,,johnwilson@example.net,1995-08-30,Basic,Paraguay,Credit Card
573,Kim Summers,samuel00@example.net,2024-07-14,Basic,Australia,PayPal
574,Pamela Lewis,barrybrent@example.com,2008-02-06,Premium,Brazil,Bank Transfer
575,Kimberly King,ahughes@example.net,2012-06-30,Premium,Aruba,PayPal
576,Nicholas Pearson,peter76@example.com,1976-03-12,Basic,Albania,PayPal
577,Cassandra Grant,johnsonhelen@example.org,1983-03-29,Basic,Belize,Bank Transfer
578,James Wallace,michaelsmith@example.com,1975-07-21,Premium,Saint Pierre and Miquelon,Credit Card
579,April Lee,qhuff@example.org,1999-09-25,Standard,Guadeloupe,PayPal
580,Kurt Parrish,fullerrandall@example.org,1970-05-24,Basic,Russian Federation,Credit Card
581,Ronald Krause,jorgesmith@example.net,1999-01-09,Premium,Senegal,Bank Transfer
582,Luis Murphy,friedmankatie@example.com,1980-01-16,Premium,Saint Pierre and Miquelon,Bank Transfer
583,Diana Drake,ronnie60@example.com,2018-11-01,Standard,Svalbard & Jan Mayen Islands,Bank Transfer
584,Sandy Hernandez,william22@example.com,1995-11-20,Premium,Greece,PayPal
585,Robert Munoz,david39@example.org,2009-03-01,Basic,Lesotho,PayPal
586,Andre Allen,janet94@example.org,1980-03-02,Basic,Jamaica,Bank Transfer
587,Lauren Dickerson,robinperez@example.com,1988-04-24,Basic,Albania,PayPal
588,Brad Nichols,hford@example.net,1973-12-21,Premium,Greece,Credit Card
589,Charlotte Quinn,rangelshawn@example.com,1999-05-22,Premium,,Credit Card
590,Diana Nicholson,clarkneil@example.com,1999-01-28,Premium,Equatorial Guinea,Bank Transfer
591,Barbara Dunn,moorenicole@example.org,2024-06-08,Standard,Papua New Guinea,Credit Card
592,Jennifer Wheeler,stacyclark@example.net,1972-06-03,Standard,Cambodia,PayPal
593,Christina Bond,mcastro@example.com,2007-12-21,Basic,Singapore,PayPal
594,Angela Williams,williamssarah@example.com,1984-06-09,Standard,Kenya,PayPal
595,,angelapearson@example.net,1988-03-24,Standard,Aruba,PayPal
596,Nicole Flores,carolynking@example.org,1974-04-25,Basic,Denmark,Bank Transfer
597,Charles Parks,mary57@example.com,1978-04-24,Premium,Israel,PayPal
598,Nathan Johnson,alvarezmercedes@example.net,1980-02-11,Standard,Denmark,Credit Card
599,Stephanie Becker,ashleynelson@example.com,2021-01-01,Standard,Ecuador,Bank Transfer
600,,vasquezjoseph@example.org,1994-06-23,Premium,Mongolia,PayPal
601,Tracy Taylor,carterlauren@example.net,2023-07-30,Premium,,Credit Card
602,Pamela Sutton,danieljackson@example.net,1970-04-30,Premium,Comoros,PayPal
603,Dr. Christina Patel MD,rodney61@example.org,2004-05-28,Standard,French Polynesia,Credit Card
604,Mark Pittman,floresdwayne@example.org,2012-02-18,Premium,Hong Kong,Credit Card
605,Alexandra Johnson,mckayjohn@example.net,2007-12-27,Premium,Svalbard & Jan Mayen Islands,Credit Card
606,Michele Reed,ljohnson@example.net,2017-02-13,Premium,Papua New Guinea,Credit Card
607,Amy Ferguson,dgrant@example.net,2024-02-20,Premium,Spain,Bank Transfer
608,Dustin Richards,leenathan@example.org,1989-02-07,Basic,Algeria,Credit Card
609,Crystal Young,otorres@example.com,1990-02-26,Standard,Montserrat,Bank Transfer
610,David Garcia,ahunt@example.com,2015-06-09,Premium,Denmark,Bank Transfer
611,William Calhoun,nathanpalmer@example.org,2018-10-17,Basic,Hungary,Credit Card
612,Samantha Whitehead,mannjohn@example.org,2006-12-03,Standard,Cayman Islands,Credit Card
613,Rickey Howell,wpeterson@example.com,1973-05-24,Premium,New Caledonia,Credit Card
614,Joshua Lara,blackburndana@example.net,1971-12-05,Standard,Mauritania,Bank Transfer
615,,nbeard@example.net,2000-10-20,Standard,Ecuador,Bank Transfer
616,Margaret Meza,shawnclark@example.net,2007-10-28,Standard,France,Credit Card
617,Mark Brooks,hartlaura@example.org,2017-10-03,Basic,United Arab Emirates,PayPal
618,Caitlin Pitts,thomasjoyce@example.com,1998-12-25,Standard,Austria,Bank Transfer
619,James Harris,steven83@example.com,1993-10-27,Basic,Maldives,Bank Transfer
620,Tonya Macias,qnguyen@example.net,1983-08-29,Basic,Peru,Credit Card
621,Tony Harrison,david52@example.net,1998-10-20,Basic,Somalia,Bank Transfer
622,,erica13@example.net,1979-06-16,Premium,Gabon,PayPal
623,Kara Walsh,fsmith@example.com,2011-11-10,Premium,Norway,Credit Card
624,,karenrichards@example.net,1982-08-28,Basic,Mongolia,PayPal
625,Amanda Campbell,pvelazquez@example.net,1970-07-18,Basic,Mexico,PayPal
626,Heather Joyce MD,jdavis@example.org,1973-08-12,Standard,Bolivia,Bank Transfer
627,Teresa Roman,margaret75@example.net,2005-08-01,Standard,Nigeria,Credit Card
628,Jason Johnson,scottzachary@example.net,1971-07-15,Premium,Brazil,Bank Transfer
629,Tina Solis,taylorhoward@example.net,2024-07-11,Standard,Tanzania,Bank Transfer
630,Kaitlin Wilson DVM,invalid_email,2020-07-12,Basic,Barbados,Credit Card
631,,hunter02@example.org,1999-04-18,Standard,Myanmar,Credit Card
632,Angela Vincent,xsmith@example.net,1979-04-16,Premium,Isle of Man,Credit Card
633,Whitney Keller,browndeanna@example.org,2023-04-25,Basic,Botswana,Bank Transfer
634,Tara Boyd,clairewhite@example.org,1989-05-20,Basic,India,PayPal
635,Mr. Jose Jones,timothy24@example.com,1979-06-18,Basic,Lebanon,PayPal
636,Donna Jones,jacquelinebrown@example.net,1991-12-24,Basic,Bouvet Island (Bouvetoya),PayPal
637,Kevin Buchanan,timothyevans@example.org,1996-04-16,Standard,Malawi,PayPal
638,Lori Russell,sford@example.org,1997-08-25,Basic,Mauritius,Bank Transfer
639,Thomas Nicholson,angela10@example.net,1977-08-02,Premium,Vanuatu,Credit Card
640,Joseph Brown,jamiemcconnell@example.org,1974-02-24,Standard,Palestinian Territory,Credit Card
641,Jason Nunez,mgoodwin@example.net,2007-08-23,Basic,Sao Tome and Principe,Credit Card
642,Charles Lee,invalid_email,1995-08-21,Standard,Venezuela,PayPal
643,Robert Pace,madelineperry@example.org,1991-02-22,Standard,Dominican Republic,PayPal
644,William Davis,bhobbs@example.net,2004-02-14,Standard,Greece,Credit Card
645,Benjamin Guzman,matthew92@example.org,2007-07-21,Standard,Bhutan,Credit Card
646,,suarezsarah@example.org,1976-04-25,Basic,Samoa,Bank Transfer
647,Meredith Williams,wlamb@example.org,1990-02-09,Basic,Czech Republic,PayPal
648,Allison Palmer,tyler18@example.net,1991-12-23,Premium,Monaco,Credit Card
649,Angela Jackson PhD,phenderson@example.com,1999-04-09,Basic,Netherlands Antilles,Bank Transfer
650,Leslie Anderson,sduke@example.org,1970-05-18,Standard,Solomon Islands,Credit Card
651,Juan Price,kinganthony@example.com,2010-02-24,Premium,Solomon Islands,PayPal
652,,ereeves@example.net,2002-04-26,Premium,Palestinian Territory,Credit Card
653,Robert Bryan,invalid_email,2022-01-28,Premium,Qatar,Credit Card
654,Dr. Deanna Howard MD,kristie21@example.net,2017-01-25,Basic,Isle of Man,Bank Transfer
655,Robert Barrett,laura71@example.com,1991-05-11,Premium,Romania,Bank Transfer
656,Dr. Linda Parker MD,invalid_email,1971-02-08,Premium,Brunei Darussalam,Credit Card
657,Justin Miller,robert40@example.com,1982-04-16,Basic,India,Credit Card
658,,christopherwheeler@example.org,1986-05-17,Premium,Japan,PayPal
659,Juan Curtis,donovanamy@example.com,2001-09-20,Standard,Honduras,Credit Card
660,Sandra Benitez,deleonnancy@example.org,1972-05-10,Premium,Nigeria,PayPal
661,Emily White,jessica96@example.com,2008-11-06,Premium,Germany,Bank Transfer
662,Kelli Davis,michaelwright@example.net,2013-09-14,Basic,Lesotho,Bank Transfer
663,Courtney Yang,curtis07@example.org,2004-10-30,Basic,Reunion,Bank Transfer
664,Sarah Gomez,melissahill@example.org,1984-07-17,Standard,Senegal,Bank Transfer
665,Sarah Rodriguez,melissasmith@example.net,2014-12-03,Standard,Belgium,Bank Transfer
666,Janet Mcintosh,jjones@example.com,2011-11-02,Basic,Suriname,Bank Transfer
667,Kristina Guerra,ypatterson@example.org,1987-07-07,Premium,Tunisia,PayPal
668,Jasmine Cameron,samuel89@example.org,2006-12-05,Basic,Norway,Bank Transfer
669,Spencer Higgins,burnettlisa@example.net,2015-10-22,Premium,Dominica,Bank Transfer
670,Sheila Hammond,scott22@example.org,1994-10-15,Basic,Sao Tome and Principe,PayPal
671,Luis Morrison,traceyharrison@example.org,1995-10-13,Premium,British Indian Ocean Territory (Chagos Archipelago),Credit Card
672,Steven Camacho,pricemichael@example.net,2005-03-23,Standard,Sudan,Credit Card
673,Ryan Paul,elizabeth71@example.com,1984-03-31,Standard,Saint Helena,Bank Transfer
674,,irichards@example.net,1980-07-15,Basic,Gabon,Bank Transfer
675,Megan Ross,cindymorgan@example.net,1990-07-17,Premium,Cuba,PayPal
676,Tammy Pearson MD,troythomas@example.net,1996-01-16,Standard,Kyrgyz Republic,PayPal
677,Brittany Barnes,pallen@example.com,2019-12-05,Premium,Saint Barthelemy,Bank Transfer
678,Tammy Johnson,keithjuarez@example.com,1990-02-12,Basic,Gambia,PayPal
679,Gloria Ramirez,hilljoshua@example.net,2013-03-04,Basic,Ireland,Bank Transfer
680,Cheryl Underwood,cferguson@example.com,2018-04-01,Premium,Benin,PayPal
681,Scott Ward,edward82@example.org,2015-05-18,Standard,San Marino,Credit Card
682,Melanie Hopkins,benjamin84@example.org,1981-07-21,Standard,Cuba,Bank Transfer
683,Lisa Davis,floresrichard@example.net,2024-07-10,Premium,Armenia,Credit Card
684,John Smith,edwin28@example.net,1970-06-28,Premium,Bouvet Island (Bouvetoya),Credit Card
685,Julie Rodriguez,dkelly@example.net,1989-07-20,Basic,Albania,Bank Transfer
686,Patrick Page,benjaminlarson@example.org,2011-02-25,Premium,British Virgin Islands,PayPal
687,Kathleen Dillon,andrewtaylor@example.com,1979-07-07,Basic,Bangladesh,PayPal
688,Kenneth Sanchez,greenstephen@example.org,2020-01-14,Premium,Tokelau,Bank Transfer
689,Jason Roberts,tammyjackson@example.org,1984-04-03,Premium,Gabon,Bank Transfer
690,Matthew Harris,dennis01@example.com,1981-03-28,Premium,,Bank Transfer
691,Tonya Williams,lauriewinters@example.net,2020-03-09,Basic,Bahrain,Credit Card
692,John Baker,fhenson@example.com,1978-09-28,Premium,Costa Rica,Bank Transfer
693,Christina Murray,monroelori@example.net,1989-08-12,Standard,Saint Lucia,PayPal
694,Tristan Rosales,kennethfrank@example.org,1987-07-03,Premium,Syrian Arab Republic,Credit Card
695,Kara Davis,hubbarddonald@example.org,2014-04-06,Standard,United States of America,Credit Card
696,Heather Daniels,gking@example.net,2002-09-22,Standard,Colombia,PayPal
697,Heather Parker,jhodge@example.net,2016-08-26,Standard,Cameroon,Credit Card
698,Sarah Porter,markwright@example.net,2013-11-05,Basic,Korea,Credit Card
699,Scott Patterson,invalid_email,2009-04-17,Basic,Czech Republic,PayPal
700,,njennings@example.net,2011-01-17,Standard,Luxembourg,Credit Card
701,Jillian Rodriguez,taylorboyd@example.com,2013-03-22,Premium,United Kingdom,Bank Transfer
702,Jennifer Ball,invalid_email,2012-04-17,Premium,Hong Kong,PayPal
703,Tracey Villarreal,lisacook@example.com,1991-05-18,Standard,Burundi,Credit Card
704,Mary Le,coxandrea@example.com,2007-09-25,Premium,Guadeloupe,Bank Transfer
705,Margaret Foster,jennifer95@example.com,1981-09-21,Premium,Barbados,PayPal
706,,stephen36@example.net,2021-05-01,Standard,Argentina,Bank Transfer
707,Stephen Oconnor DDS,fmiller@example.net,1997-09-12,Premium,Saint Pierre and Miquelon,Credit Card
708,Howard Gray,invalid_email,2015-12-18,Basic,Argentina,Credit Card
709,Margaret Wagner,vcoleman@example.com,1977-03-22,Premium,Netherlands,Bank Transfer
710,,james77@example.org,1991-03-11,Basic,Montenegro,PayPal
711,Carl Schmidt,mariefreeman@example.org,1994-04-11,Basic,Micronesia,Bank Transfer
712,Justin Smith,christinejackson@example.com,1995-12-27,Premium,British Indian Ocean Territory (Chagos Archipelago),PayPal
713,,sandersmichael@example.net,2011-09-17,Basic,Senegal,Bank Transfer
714,Michael Vazquez,olivia56@example.org,2011-06-05,Standard,Croatia,Bank Transfer
715,Sharon Morales,grayeric@example.net,1981-10-23,Premium,Iceland,PayPal
716,Christopher Christensen,zphillips@example.com,2003-08-25,Premium,Lithuania,PayPal
717,Cassandra Morris,gabriel42@example.net,1997-09-12,Basic,Micronesia,Bank Transfer
718,Nicole Lopez,oaguilar@example.net,1975-01-22,Standard,Congo,Bank Transfer
719,Carrie Morgan,ibradford@example.net,1972-02-03,Basic,Canada,Bank Transfer
720,Travis Wagner,williammontoya@example.com,2023-10-23,Basic,Greece,Credit Card
721,Wendy Rivers,fcarson@example.com,1979-01-15,Premium,,PayPal
722,Erik Dixon,dlopez@example.org,1979-02-13,Standard,Kenya,PayPal
723,Courtney Wright,tami48@example.org,1972-03-17,Basic,British Indian Ocean Territory (Chagos Archipelago),Bank Transfer
724,Anita Lee,hurststeven@example.com,1979-04-06,Standard,French Polynesia,Credit Card
725,Kristen Gonzalez,tiffany22@example.net,1972-01-28,Premium,United Arab Emirates,Credit Card
726,Julie Vaughn,william25@example.net,1980-05-18,Basic,Faroe Islands,Credit Card
727,Johnny Foster,jlynch@example.com,1987-04-16,Standard,Bahrain,Credit Card
728,Joshua Nelson,averygary@example.com,1982-04-12,Standard,Aruba,Bank Transfer
729,Michael Rogers,robinholland@example.net,2016-05-05,Basic,Sierra Leone,Bank Transfer
730,Mark Bryant MD,gonzalezmichael@example.org,2003-01-05,Premium,British Indian Ocean Territory (Chagos Archipelago),PayPal
731,John Kim,aaronblair@example.net,1977-04-16,Premium,Vanuatu,PayPal
732,Patrick Beltran,hfox@example.org,1993-05-19,Basic,Guinea-Bissau,PayPal
733,Megan Todd,phillipsrichard@example.net,2004-12-28,Standard,Morocco,Bank Transfer
734,Kristina Keith,pattersonraven@example.com,2020-12-14,Standard,Montenegro,Bank Transfer
735,Eric Holt,invalid_email,2014-03-19,Premium,Guadeloupe,Credit Card
736,Kelsey Ramos,jthompson@example.org,2013-04-15,Basic,Timor-Leste,Bank Transfer
737,Morgan Smith,gabriella78@example.net,2011-10-07,Premium,Estonia,PayPal
738,Mr. David Foster,erinbarber@example.com,1974-09-26,Premium,Cocos (Keeling) Islands,PayPal
739,Edward Miller,laurenjohnson@example.net,2019-02-07,Standard,Togo,PayPal
740,Tiffany Hoover,jacobmoon@example.com,1999-10-30,Standard,Antarctica (the territory South of 60 deg S),Credit Card
741,,michael85@example.net,2020-11-23,Standard,Wallis and Futuna,PayPal
742,Derek Brown,michael50@example.org,2014-01-01,Standard,Kyrgyz Republic,Credit Card
743,,lhicks@example.net,2006-04-29,Premium,Canada,PayPal
744,Melissa Myers,jwalker@example.com,1975-03-12,Standard,Mayotte,PayPal
745,Betty Romero,angela26@example.com,1997-07-07,Basic,Mauritius,Credit Card
746,Darren Hayes,garmstrong@example.com,2010-10-13,Premium,Niger,Credit Card
747,Michelle Kennedy MD,katrina05@example.com,1975-10-12,Premium,France,Bank Transfer
748,Matthew Johnson,jsmith@example.com,2011-02-03,Standard,Czech Republic,Bank Transfer
749,,erin22@example.org,1982-03-05,Premium,Comoros,Bank Transfer
750,Danielle Glenn,riosrobert@example.org,2021-05-02,Basic,Guadeloupe,Credit Card
751,Chelsea Taylor,chelseawilson@example.com,1996-08-11,Basic,American Samoa,Bank Transfer
752,Sean Myers,imiddleton@example.org,1990-05-25,Premium,Wallis and Futuna,PayPal
753,Lori Smith,qroberson@example.org,1989-07-01,Basic,Isle of Man,Bank Transfer
754,,clinechristopher@example.org,1998-09-10,Premium,Micronesia,PayPal
755,Haley Gonzalez,invalid_email,2011-03-22,Basic,Venezuela,Bank Transfer
756,,smooney@example.com,1987-06-01,Standard,Korea,Credit Card
757,Chris Douglas,invalid_email,2004-02-29,Standard,Czech Republic,PayPal
758,Jonathan Lee,heatherdiaz@example.org,1981-10-04,Premium,Estonia,Bank Transfer
759,,scott05@example.net,1988-07-27,Standard,Heard Island and McDonald Islands,PayPal
760,Jamie Lopez,belltravis@example.org,2013-12-27,Premium,Indonesia,Credit Card
761,Nathan Thomas,fisherjoseph@example.net,2022-12-01,Standard,,PayPal
762,Darrell Nixon,nataliethornton@example.org,2010-10-21,Premium,Guinea,PayPal
763,Marilyn Conley,judithsnyder@example.org,1989-11-29,Standard,Pakistan,PayPal
764,Lori Miller,sanchezalexis@example.com,2003-10-26,Standard,Sweden,Credit Card
765,Bradley Watts MD,grant83@example.org,2013-12-22,Standard,Grenada,PayPal
766,Christopher Owens,wilsonjesse@example.org,1970-07-27,Standard,Gibraltar,Bank Transfer
767,Michael Humphrey,stevencarson@example.org,2003-02-04,Premium,Liberia,PayPal
768,Amber Jones,invalid_email,2013-01-15,Standard,Haiti,Bank Transfer
769,Glenn Sparks,meganrodriguez@example.net,2014-05-09,Basic,Sudan,PayPal
770,,devin85@example.org,1999-07-22,Premium,French Polynesia,Bank Transfer
771,Allison Potts,matthew68@example.com,2007-10-27,Basic,United Kingdom,Credit Card
772,Jennifer Freeman,carol34@example.org,1990-01-08,Basic,Central African Republic,Credit Card
773,Emily Quinn,jessicamoody@example.net,2010-08-04,Basic,Vanuatu,PayPal
774,Paul Martinez,blanchardmelissa@example.org,1989-02-02,Premium,Angola,Bank Transfer
775,Benjamin Torres,lsoto@example.org,2001-06-08,Basic,United States Minor Outlying Islands,Credit Card
776,Kenneth Rodriguez,maria74@example.com,2006-11-11,Premium,Falkland Islands (Malvinas),Credit Card
777,Jamie Ramos,ediaz@example.net,1995-04-21,Standard,Bhutan,Credit Card
778,,victorrodriguez@example.org,2009-10-05,Premium,Ireland,Credit Card
779,Catherine Butler,ycastro@example.net,2009-11-23,Premium,Cambodia,Bank Transfer
780,Andrea Lopez,johngarcia@example.org,1982-02-16,Standard,Nigeria,Credit Card
781,Christina Hughes,howardanthony@example.net,2001-04-09,Standard,Uruguay,Bank Transfer
782,Matthew Frazier,robert60@example.net,1981-11-01,Premium,Uzbekistan,Credit Card
783,Samuel Tate,kevinwilliams@example.org,1983-06-06,Premium,Wallis and Futuna,PayPal
784,John Wells,iwilliams@example.com,2018-11-09,Premium,Lithuania,Credit Card
785,Carl Key,kevinjones@example.net,1999-03-14,Premium,Marshall Islands,PayPal
786,Andrea Cook,dustin01@example.com,2006-08-14,Premium,Nepal,Bank Transfer
787,Glen West,thomas26@example.org,2001-05-09,Standard,Uruguay,Credit Card
788,Brandon Davis,melissa59@example.com,2017-03-19,Standard,Reunion,PayPal
789,Eric Weber,pmorales@example.net,1984-11-10,Basic,Isle of Man,PayPal
790,Alexander Nelson,invalid_email,1980-11-21,Premium,Benin,Credit Card
791,Michelle Wheeler,invalid_email,2022-05-27,Standard,Liberia,Credit Card
792,Gregory Gill,haascynthia@example.com,2024-06-02,Premium,United States Minor Outlying Islands,Credit Card
793,,robersonbrianna@example.com,2020-02-11,Basic,Angola,Credit Card
794,,debbie20@example.net,2004-10-28,Basic,Djibouti,Bank Transfer
795,Lisa Page,clarkedavid@example.com,2017-03-23,Standard,Saint Pierre and Miquelon,Credit Card
796,Nicholas Martin,taylorbradley@example.com,1990-03-29,Standard,United States of America,PayPal
797,Barbara Moody,ramosscott@example.net,2018-08-31,Basic,Saint Lucia,PayPal
798,Caroline Jensen,washingtonjeffrey@example.com,1986-02-18,Premium,Christmas Island,Bank Transfer
799,Abigail Taylor,valerieclark@example.org,2017-12-11,Basic,Korea,Credit Card
800,Heather Ferguson,johnleblanc@example.com,2014-12-20,Premium,Tajikistan,PayPal
801,,collinsdouglas@example.org,2015-02-14,Premium,Tuvalu,Credit Card
802,Aaron Flowers,stephanie28@example.com,1970-01-17,Premium,Sierra Leone,Credit Card
803,Ryan Brown,melindarose@example.org,2014-09-15,Basic,India,Credit Card
804,Whitney Kennedy,oscarrobertson@example.net,2016-08-06,Basic,Equatorial Guinea,PayPal
805,Tara Fowler,tylerrobinson@example.org,2012-08-07,Basic,Ethiopia,Credit Card
806,Jose Jones,dnixon@example.org,1981-02-15,Basic,French Polynesia,PayPal
807,Kristi Lopez,invalid_email,2022-10-10,Basic,Pakistan,Credit Card
808,Christopher Reyes,jacquelinenguyen@example.net,1987-10-19,Basic,Saint Lucia,Credit Card
809,Mariah Taylor,cunninghamdenise@example.org,2011-04-19,Standard,Brunei Darussalam,Credit Card
810,Dave Williams,patelmichael@example.org,1975-03-26,Standard,,PayPal
811,Lauren Lewis,schwartzkatie@example.com,1974-04-06,Premium,Palestinian Territory,Bank Transfer
812,Sydney Thompson,valerie40@example.org,1976-05-10,Basic,Cocos (Keeling) Islands,Bank Transfer
813,Lauren Sanchez,millertammy@example.net,1990-04-01,Standard,Dominican Republic,Bank Transfer
814,Ashley Bailey,sheltonbrandon@example.net,2006-06-03,Premium,Mexico,PayPal
815,Marcus Harris,wardamy@example.net,2007-11-02,Premium,Cuba,Credit Card
816,Jose Morgan,asmith@example.org,2015-01-01,Basic,Pitcairn Islands,PayPal
817,Walter Bowen,cblake@example.com,2004-05-28,Premium,Monaco,Bank Transfer
818,April Garza,mgarcia@example.com,1996-12-15,Basic,El Salvador,PayPal
819,Matthew Smith,carl33@example.org,2014-06-30,Premium,Heard Island and McDonald Islands,PayPal
820,Colleen Arnold,wallsdavid@example.org,2016-12-01,Basic,Korea,PayPal
821,Nicole Morrison,douglas62@example.com,1977-12-03,Premium,Paraguay,PayPal
822,Casey Bowman,aaronbaldwin@example.com,2003-03-08,Premium,Brunei Darussalam,Credit Card
823,Paul Phillips,timothy47@example.org,1995-02-17,Premium,Spain,PayPal
824,,zwatson@example.com,1996-07-29,Basic,Honduras,Bank Transfer
825,Tonya Johnson,ericlynch@example.net,1984-09-21,Standard,Monaco,Credit Card
826,Carly Jones,courtneydelgado@example.org,1994-02-16,Standard,Bolivia,Bank Transfer
827,Allison Andrews,duaneavila@example.org,2019-03-09,Premium,Saint Lucia,Bank Transfer
828,Vicki Rodriguez,adriennepeterson@example.org,2002-01-14,Basic,Guatemala,Bank Transfer
829,Nathaniel Moore,albert79@example.com,1989-09-17,Standard,Gibraltar,Credit Card
830,Chloe Wilson,george55@example.net,1981-12-16,Standard,Guinea,Bank Transfer
831,Cynthia Jenkins,moorebrittany@example.net,2016-09-05,Standard,Chile,Credit Card
832,Eric Barrett,jasmineperez@example.org,1973-10-20,Basic,Saint Helena,PayPal
833,Samantha Peck,grossoscar@example.org,1997-08-26,Premium,Peru,Bank Transfer
834,Emily Green,sanchezelizabeth@example.net,2008-11-28,Basic,Saint Kitts and Nevis,Credit Card
835,Claudia Woodward,hhawkins@example.net,1982-09-25,Premium,Gabon,Credit Card
836,Loretta Smith,alex65@example.com,1987-01-17,Premium,Martinique,Credit Card
837,Jason Watson,catherine39@example.org,2008-09-12,Standard,Puerto Rico,PayPal
838,David Fields,evanskristi@example.org,2024-11-11,Standard,Argentina,PayPal
839,Nicole Martinez,waltersdawn@example.net,2001-07-06,Standard,Sudan,Bank Transfer
840,Brian Barnes MD,robertmendez@example.net,2000-07-07,Standard,Marshall Islands,PayPal
841,Catherine Moreno,anthonythomas@example.net,1991-10-15,Premium,Iceland,Bank Transfer
842,Tiffany Warren,phillipsandrea@example.net,2008-07-10,Basic,Antigua and Barbuda,Bank Transfer
843,Phillip Goodwin,amandadiaz@example.net,1992-03-08,Premium,Iran,Bank Transfer
844,Mrs. Alexis Miller,sallyrandolph@example.com,1971-09-01,Premium,Holy See (Vatican City State),Credit Card
845,Kimberly Thomas,mlopez@example.org,2005-01-30,Premium,Swaziland,PayPal
846,Stephanie Townsend,armstrongkaren@example.org,1988-05-05,Premium,Benin,Credit Card
847,Rhonda Olson,ashleyharmon@example.org,2023-12-30,Premium,Eritrea,Credit Card
848,Courtney Parker,cassandrajohnson@example.org,1979-12-30,Standard,Poland,Credit Card
849,Phillip Townsend,duranmolly@example.org,2016-02-25,Basic,Botswana,Bank Transfer
850,Jerry Jordan,skrueger@example.com,1985-09-03,Premium,Haiti,Bank Transfer
851,Meghan Mccann,michaelscott@example.org,1993-05-30,Premium,Kenya,PayPal
852,Christopher Moore,laurajohnson@example.com,1976-05-13,Premium,Heard Island and McDonald Islands,Credit Card
853,Michael Morris,martinezleah@example.com,2005-05-02,Standard,Estonia,Credit Card
854,Lisa Humphrey,rmoore@example.org,2011-12-11,Premium,Korea,Bank Transfer
855,Heather Lewis,rsmith@example.org,2001-09-11,Standard,Central African Republic,PayPal
856,Daniel Baker,joseph37@example.org,1975-05-25,Basic,North Macedonia,Credit Card
857,Darren Ware,valenciascott@example.org,2002-09-20,Standard,Algeria,Bank Transfer
858,Keith Lane,jhooper@example.com,1993-08-25,Standard,Austria,Credit Card
859,Johnny Johnson,muellerjames@example.com,1972-06-20,Standard,Saint Vincent and the Grenadines,Credit Card
860,Kathryn Garcia,wking@example.com,2016-12-16,Standard,Mauritius,PayPal
861,James Porter,robert28@example.com,2019-07-08,Standard,Ukraine,Bank Transfer
862,Phillip Allen,jlarson@example.com,1971-02-21,Basic,Egypt,Bank Transfer
863,Alyssa Kirby,xmartin@example.com,1998-01-11,Premium,Tuvalu,Credit Card
864,Dr. Kathryn Henry MD,ojuarez@example.net,2021-06-19,Premium,Rwanda,Credit Card
865,Eric Jones,crosstanya@example.org,1998-09-28,Standard,Mayotte,Bank Transfer
866,Gregory Campbell,ricardokane@example.net,2014-09-17,Basic,Western Sahara,Credit Card
867,Pamela Hamilton,john41@example.com,2004-09-04,Basic,,PayPal
868,Roger Phillips,stevenhutchinson@example.com,1982-05-09,Basic,Timor-Leste,Credit Card
869,Deborah Kennedy,wlawson@example.com,2007-08-14,Basic,Eritrea,Bank Transfer
870,Stuart Wise,ycline@example.org,1975-10-06,Standard,Iceland,Credit Card
871,Stacey Thompson,gregory13@example.com,1999-01-06,Basic,Sao Tome and Principe,PayPal
872,Sarah Morton,loweian@example.com,1995-11-15,Standard,Gambia,Bank Transfer
873,Kristi Stevenson,raymondmcgee@example.com,2022-08-21,Standard,Sao Tome and Principe,Bank Transfer
874,Seth Washington,qwilliams@example.com,2022-05-08,Basic,Anguilla,Credit Card
875,Joseph Murphy,edward33@example.net,1989-10-16,Basic,Micronesia,Bank Transfer
876,Barbara Mercado,deanderek@example.com,1995-12-11,Basic,Martinique,Bank Transfer
877,Tanya Lang,djames@example.com,1976-10-26,Basic,United Kingdom,PayPal
878,Sarah Robinson,castrotiffany@example.net,1971-02-09,Standard,Bolivia,Bank Transfer
879,Michael Richardson,floresnatasha@example.com,2012-05-04,Premium,France,Bank Transfer
880,,lhuang@example.org,1971-10-03,Premium,Egypt,Credit Card
881,Penny Garza,kwright@example.com,1974-03-16,Standard,Seychelles,Credit Card
882,Christina Allen,anthonybarajas@example.com,2008-09-19,Premium,Comoros,Bank Transfer
883,Travis Pacheco,fordpatrick@example.net,1983-02-26,Basic,Puerto Rico,Bank Transfer
884,Suzanne Miller,invalid_email,1972-06-26,Standard,Benin,Bank Transfer
885,Rachel Romero,briancombs@example.net,1975-01-01,Basic,Jamaica,Bank Transfer
886,Mark Conley,bryan16@example.com,1995-06-12,Standard,Sweden,Credit Card
887,Edwin Mejia Jr.,joelwilliams@example.net,2014-12-28,Standard,Pitcairn Islands,Credit Card
888,Tom Young,sue93@example.com,2000-12-14,Standard,South Africa,Credit Card
889,Stephen Glenn,nicolehahn@example.com,1992-02-15,Standard,Colombia,PayPal
890,Robert Bond,frederick20@example.com,1970-11-08,Premium,Netherlands Antilles,Bank Transfer
891,,kayla92@example.org,1976-08-03,Standard,Zimbabwe,Credit Card
892,Andres Bond,mary09@example.net,2005-09-08,Premium,Christmas Island,Credit Card
893,Eric Martinez,bryanandrea@example.com,2015-03-05,Basic,Lesotho,Credit Card
894,Adrienne Cook,lopezkirk@example.net,1991-08-27,Standard,Marshall Islands,Bank Transfer
895,Christopher Bush,justinchristensen@example.org,2016-04-01,Basic,Svalbard & Jan Mayen Islands,Credit Card
896,Patricia Barrett,brittany95@example.org,1970-05-11,Premium,Nepal,Credit Card
897,Krystal George,vjames@example.com,1987-04-07,Basic,Congo,Credit Card
898,Amy Brown,torresjoseph@example.net,1987-02-10,Basic,Monaco,Bank Transfer
899,Alicia Hardy,elizabethkelley@example.net,2012-04-04,Basic,Yemen,PayPal
900,Melissa Miller,gary06@example.net,1989-01-10,Premium,Monaco,Credit Card
901,Stephanie Jones PhD,townsendamanda@example.net,1972-12-28,Standard,Tunisia,PayPal
902,Matthew Alvarez,sotolisa@example.net,1992-11-28,Premium,Bosnia and Herzegovina,Bank Transfer
903,,bryangonzales@example.org,1988-05-15,Standard,Western Sahara,Bank Transfer
904,Cody Thomas,andrew68@example.com,2004-04-10,Basic,Italy,PayPal
905,,julie74@example.com,1988-10-20,Basic,Suriname,Bank Transfer
906,Thomas Murphy,invalid_email,1975-04-30,Standard,Kuwait,Credit Card
907,Ronald Hall,luis52@example.net,2010-06-17,Basic,Korea,PayPal
908,,aklein@example.net,1980-07-24,Premium,Egypt,Credit Card
909,Jill Davis,paul78@example.com,1975-03-08,Standard,Honduras,Credit Card
910,Diana Wallace,briana84@example.com,2001-03-26,Premium,Lebanon,Credit Card
911,Jillian Campos,jason64@example.com,2014-12-04,Standard,Aruba,Bank Transfer
912,Sean Chapman,dianapierce@example.org,2000-04-18,Premium,Macao,Credit Card
913,Mr. Jeremy Myers,jennifermartin@example.net,1995-08-05,Premium,Armenia,Credit Card
914,Janice Haas,vspears@example.org,2001-01-18,Premium,Korea,Bank Transfer
915,Jill Ray,duane48@example.org,1990-12-08,Basic,Lebanon,PayPal
916,,qquinn@example.com,2022-04-18,Premium,Montserrat,PayPal
917,Richard Roberts,ykaiser@example.org,2008-02-06,Basic,Vanuatu,PayPal
918,Andrew Riley,xgarza@example.org,1979-02-03,Premium,Trinidad and Tobago,Credit Card
919,Anthony Koch,invalid_email,2021-05-30,Basic,Western Sahara,Credit Card
920,Ashley Kim,imayo@example.org,1995-12-23,Premium,Tuvalu,Bank Transfer
921,Maria Mcdonald,regina16@example.org,2020-05-08,Standard,Ghana,Credit Card
922,Dr. Dylan Woodard,invalid_email,2011-05-08,Basic,Christmas Island,PayPal
923,,sherri55@example.com,1978-12-03,Basic,Fiji,PayPal
924,John Guerrero,graveskenneth@example.com,2021-05-06,Standard,Syrian Arab Republic,PayPal
925,Sarah Roberts,nicole55@example.com,1972-12-02,Standard,Montserrat,PayPal
926,Gary Ayala,thomas45@example.net,2007-02-04,Standard,Cote d'Ivoire,Credit Card
927,Matthew Wolfe,william51@example.org,1971-05-05,Standard,Nepal,Credit Card
928,Justin Li,richardray@example.com,2016-10-09,Basic,Ghana,Credit Card
929,Sharon Henderson,pfoster@example.com,2018-09-30,Premium,Taiwan,Credit Card
930,Janet Welch,wmorris@example.com,2022-01-26,Basic,Puerto Rico,Bank Transfer
931,Angela Alvarez,wilsonkimberly@example.net,2016-06-01,Standard,Switzerland,Credit Card
932,Brittney Glenn,marilyn62@example.com,1983-04-18,Standard,Fiji,Bank Transfer
933,Jay Smith,cookpaul@example.net,2017-12-21,Basic,Uganda,Bank Transfer
934,Jonathan Day,gonzalezdaniel@example.net,2011-02-24,Standard,Netherlands,Bank Transfer
935,,mgolden@example.org,2005-03-18,Basic,Papua New Guinea,Credit Card
936,Martin Collier,frodriguez@example.net,2016-04-17,Basic,Palau,Credit Card
937,Kristin Medina,usherman@example.org,1974-03-23,Premium,British Virgin Islands,Credit Card
938,Joshua Castillo,sarahsmith@example.org,2003-02-07,Basic,Jamaica,PayPal
939,Maria Wagner,denisedunn@example.org,1998-02-06,Premium,New Zealand,Bank Transfer
940,Eileen Olsen,reillybailey@example.net,1971-08-26,Standard,Bhutan,Bank Transfer
941,Amy Ellis,waltersjerry@example.com,1998-12-09,Premium,American Samoa,PayPal
942,,invalid_email,2012-06-27,Basic,Libyan Arab Jamahiriya,Bank Transfer
943,,joelanderson@example.com,2016-07-31,Basic,Spain,Bank Transfer
944,,michele37@example.com,1990-03-17,Premium,Papua New Guinea,PayPal
945,Wendy Rodriguez,austinflynn@example.org,1996-02-15,Basic,Trinidad and Tobago,PayPal
946,Melinda Davis,bradley89@example.net,1992-02-06,Premium,Saint Lucia,PayPal
947,Ryan Lyons,robersonjamie@example.net,1998-12-21,Premium,Morocco,Bank Transfer
948,Kathleen Acevedo DDS,jonathannelson@example.com,1981-12-28,Premium,Norway,Credit Card
949,Daniel Graves,matthew55@example.net,2018-11-04,Standard,Nicaragua,Bank Transfer
950,Sharon Barton,jenniferburton@example.com,1975-04-26,Premium,Wallis and Futuna,Bank Transfer
951,John Brown,jeffreyestrada@example.net,2021-09-02,Basic,Netherlands,Bank Transfer
952,Stacey Butler,lmoore@example.org,2006-01-13,Premium,Namibia,Bank Transfer
953,Laura Knight,nicholasanderson@example.com,2017-07-21,Premium,,Bank Transfer
954,Kevin Short,huntmegan@example.net,1974-08-31,Standard,Antigua and Barbuda,Credit Card
955,Derrick Atkins,timothyroman@example.org,1995-07-31,Premium,Liberia,Bank Transfer
956,Diana Reilly,markbranch@example.com,2001-09-29,Premium,Cayman Islands,Credit Card
957,Jesus Gilbert,gonzalesdana@example.com,2012-11-05,Basic,Monaco,Bank Transfer
958,,justinbowen@example.org,2022-12-21,Standard,Montserrat,Credit Card
959,Dr. Timothy Cook,gwoods@example.org,1972-06-29,Standard,Montserrat,Bank Transfer
960,Brandon Griffin,nealamanda@example.org,1981-09-09,Premium,Northern Mariana Islands,Bank Transfer
961,Bailey Edwards,zfrench@example.com,2022-09-14,Standard,Qatar,Bank Transfer
962,Devon Hawkins,wilsonmegan@example.org,2009-06-08,Standard,Saint Lucia,PayPal
963,Justin Sanders,timothyolsen@example.net,1989-09-01,Standard,Martinique,Credit Card
964,Matthew Olson,sarah34@example.com,2012-01-21,Premium,Greenland,Bank Transfer
965,Jessica Wood,darrencardenas@example.org,1982-03-12,Basic,Gibraltar,PayPal
966,,trujillojacob@example.org,2006-07-08,Standard,South Georgia and the South Sandwich Islands,Bank Transfer
967,,austintapia@example.com,2014-05-28,Basic,Ghana,Credit Card
968,Karen Wood,lori21@example.net,2003-06-29,Basic,Antigua and Barbuda,Bank Transfer
969,Alicia Rhodes,yvonne31@example.org,2003-03-23,Basic,Brunei Darussalam,PayPal
970,Garrett James,jonesbrittney@example.com,1981-11-10,Premium,Albania,PayPal
971,Jared Davis,nmaldonado@example.org,1984-01-21,Premium,Kiribati,PayPal
972,Megan Reid,emilytran@example.com,1983-03-03,Basic,Brazil,Bank Transfer
973,Jennifer Barnett,carrie52@example.com,2016-10-05,Standard,British Virgin Islands,Credit Card
974,Laura Patel,thomascolin@example.org,2011-09-06,Basic,Uruguay,Credit Card
975,Peter Ponce,andrew65@example.com,2021-04-06,Basic,Palau,Bank Transfer
976,,jenniferdavis@example.net,2018-04-06,Standard,Holy See (Vatican City State),Credit Card
977,Jason Stone,aguilaramanda@example.com,2015-04-04,Basic,Lao People's Democratic Republic,Credit Card
978,Robert Robertson,joshuafernandez@example.com,2018-05-10,Basic,French Southern Territories,Credit Card
979,Ian Harris,allenkenneth@example.org,2022-06-08,Standard,Morocco,Bank Transfer
980,Lisa Phillips,invalid_email,2005-05-18,Basic,Australia,Bank Transfer
981,Luke Riley,ashaw@example.org,2021-10-05,Standard,Denmark,Bank Transfer
982,Logan Whitehead,robert64@example.com,1983-07-19,Standard,Tonga,PayPal
983,Richard Hill,dennis91@example.org,1971-11-25,Premium,France,Credit Card
984,Kim Anderson,christinacox@example.org,2020-11-07,Premium,Bulgaria,Credit Card
985,Justin Warren,yrandolph@example.net,1989-01-05,Basic,Saint Pierre and Miquelon,Bank Transfer
986,Bryan Hughes,gregoryjames@example.com,2012-03-03,Premium,Barbados,Credit Card
987,Christian Huerta,brittanychristian@example.org,1983-09-18,Premium,Angola,PayPal
988,Donald Walters,amanda18@example.net,1984-05-05,Premium,Croatia,Credit Card
989,,waynecombs@example.net,1991-08-07,Basic,Heard Island and McDonald Islands,Bank Transfer
990,William Cole,jwilliams@example.com,1972-06-30,Standard,Tuvalu,PayPal
991,Richard Adams,robert43@example.net,1979-06-11,Standard,Dominican Republic,Credit Card
992,Steven Morris,anne34@example.com,1974-01-21,Basic,Pitcairn Islands,Credit Card
993,Sean Arias,wigginsmiranda@example.net,2001-04-23,Standard,Estonia,Bank Transfer
994,Phillip Rodriguez,salexander@example.org,2013-01-08,Standard,Guinea-Bissau,Credit Card
995,Ronnie Rodriguez,gregory91@example.net,1981-10-30,Standard,Colombia,PayPal
996,Megan Love,rebecca07@example.com,2007-12-20,Standard,Nauru,Credit Card
997,Rebecca Lewis,johnsonalicia@example.org,2013-06-03,Standard,Vanuatu,Credit Card
998,Jennifer Smith,phillipsmelinda@example.org,1986-11-13,Standard,Japan,Credit Card
999,Michael Blackwell,kristinsmith@example.com,1978-11-20,Standard,Jersey,Credit Card
1000,Katherine Blake,harrisonashley@example.net,1976-03-10,Premium,Indonesia,PayPal
545,William Hardin,izuniga@example.com,2018-12-23,Basic,Fiji,PayPal
285,Seth Burton,probles@example.org,2007-06-23,Premium,Brazil,Credit Card
287,Denise Acosta,dhunt@example.net,1978-11-19,Premium,Myanmar,Bank Transfer
929,Sharon Henderson,pfoster@example.com,2018-09-30,Premium,Taiwan,Credit Card
232,Debbie Gibson,jrichardson@example.org,2012-11-28,Premium,Honduras,PayPal
594,Angela Williams,williamssarah@example.com,1984-06-09,Standard,Kenya,PayPal
102,Taylor Riley,smithmanuel@example.org,1985-09-13,Basic,Portugal,PayPal
33,Monica Winters,donald79@example.net,1984-09-02,Basic,Marshall Islands,PayPal
86,Joseph Eaton,ltaylor@example.net,1977-07-07,Premium,Mauritania,PayPal
770,,devin85@example.org,1999-07-22,Premium,French Polynesia,Bank Transfer
